Date	Cases	Deaths	Cases_New	Deaths_New	Cases_Last_Week	Deaths_Last_Week	Cases_Per_Million	Deaths_Per_Million	Cases_New_Per_Million	Deaths_New_Per_Million	Cases_Last_Week_Per_Million	Deaths_Last_Week_Per_Million	Cases_Doubling_Time	Deaths_Doubling_Time	Days_Since_2nd_Death
2020-01-22	1	0	1	0	0	0	0	0	0	0.0	0	0.0			
2020-01-23	1	0	0	0	0	0	0	0	0	0.0	0	0.0			
2020-01-24	2	0	1	0	0	0	0	0	0	0.0	0	0.0			
2020-01-25	2	0	0	0	0	0	0	0	0	0.0	0	0.0			
2020-01-26	5	0	3	0	0	0	0	0	0	0.0	0	0.0			
2020-01-27	5	0	0	0	0	0	0	0	0	0.0	0	0.0			
2020-01-28	5	0	0	0	0	0	0	0	0	0.0	0	0.0			
2020-01-29	6	0	1	0	5	0	0	0	0	0.0	0	0.0			
2020-01-30	6	0	0	0	5	0	0	0	0	0.0	0	0.0			
2020-01-31	8	0	2	0	6	0	0	0	0	0.0	0	0.0			
2020-02-01	8	0	0	0	6	0	0	0	0	0.0	0	0.0			
2020-02-02	8	0	0	0	3	0	0	0	0	0.0	0	0.0			
2020-02-03	11	0	3	0	6	0	0	0	0	0.0	0	0.0			
2020-02-04	11	0	0	0	6	0	0	0	0	0.0	0	0.0			
2020-02-05	11	0	0	0	5	0	0	0	0	0.0	0	0.0			
2020-02-06	12	0	1	0	6	0	0	0	0	0.0	0	0.0			
2020-02-07	12	0	0	0	4	0	0	0	0	0.0	0	0.0			
2020-02-08	12	0	0	0	4	0	0	0	0	0.0	0	0.0			
2020-02-09	12	0	0	0	4	0	0	0	0	0.0	0	0.0			
2020-02-10	12	0	0	0	1	0	0	0	0	0.0	0	0.0			
2020-02-11	13	0	1	0	2	0	0	0	0	0.0	0	0.0			
2020-02-12	13	0	0	0	2	0	0	0	0	0.0	0	0.0			
2020-02-13	14	0	1	0	2	0	0	0	0	0.0	0	0.0			
2020-02-14	14	0	0	0	2	0	0	0	0	0.0	0	0.0			
2020-02-15	14	0	0	0	2	0	0	0	0	0.0	0	0.0			
2020-02-16	14	0	0	0	2	0	0	0	0	0.0	0	0.0			
2020-02-17	14	0	0	0	2	0	0	0	0	0.0	0	0.0			
2020-02-18	14	0	0	0	1	0	0	0	0	0.0	0	0.0			
2020-02-19	14	0	0	0	1	0	0	0	0	0.0	0	0.0			
2020-02-20	14	0	0	0	0	0	0	0	0	0.0	0	0.0			
2020-02-21	16	0	2	0	2	0	0	0	0	0.0	0	0.0			
2020-02-22	16	0	0	0	2	0	0	0	0	0.0	0	0.0			
2020-02-23	16	0	0	0	2	0	0	0	0	0.0	0	0.0			
2020-02-24	16	0	0	0	2	0	0	0	0	0.0	0	0.0			
2020-02-25	16	0	0	0	2	0	0	0	0	0.0	0	0.0			
2020-02-26	16	0	0	0	2	0	0	0	0	0.0	0	0.0			
2020-02-27	17	0	1	0	3	0	0	0	0	0.0	0	0.0			
2020-02-28	17	0	0	0	1	0	0	0	0	0.0	0	0.0			
2020-02-29	25	1	8	1	9	1	0	0	0	0.003	0	0.0			
2020-03-01	32	1	7	0	16	1	0	0	0	0.0	0	0.0			
2020-03-02	55	6	23	5	39	6	0	0	0	0.015	0	0.02			0
2020-03-03	74	7	19	1	58	7	0	0	0	0.003	0	0.02			1
2020-03-04	107	11	33	4	91	11	0	0	0	0.012	0	0.03			2
2020-03-05	184	12	77	1	167	12	0	0	0	0.003	0	0.04			3
2020-03-06	237	14	53	2	220	14	0	0	0	0.006	0	0.04			4
2020-03-07	403	17	166	3	378	16	1	0	0	0.009	1	0.05			5
2020-03-08	519	21	116	4	487	20	1	0	0	0.012	1	0.06			6
2020-03-09	594	22	75	1	539	16	1	0	0	0.003	1	0.05			7
2020-03-10	782	28	188	6	708	21	2	0	0	0.018	2	0.06			8
2020-03-11	1147	33	365	5	1040	22	3	0	1	0.015	3	0.07			9
2020-03-12	1586	43	439	10	1402	31	4	0	1	0.031	4	0.09			10
2020-03-13	2219	51	633	8	1982	37	6	0	1	0.024	6	0.11			11
2020-03-14	2978	58	759	7	2575	41	9	0	2	0.021	7	0.13			12
2020-03-15	3212	70	234	12	2693	49	9	0	0	0.037	8	0.15			13
2020-03-16	4679	97	1467	27	4085	75	14	0	4	0.083	12	0.23			14
2020-03-17	6512	134	1833	37	5730	106	19	0	5	0.113	17	0.32			15
2020-03-18	9169	194	2657	60	8022	161	28	0	8	0.183	24	0.49			16
2020-03-19	13663	266	4494	72	12077	223	41	0	13	0.22	36	0.68			17
2020-03-20	20030	372	6367	106	17811	321	61	1	19	0.324	54	0.98			18
2020-03-21	26025	475	5995	103	23047	417	79	1	18	0.315	70	1.27			19
2020-03-22	34944	603	8919	128	31732	533	106	1	27	0.391	96	1.63			20
2020-03-23	46096	790	11152	187	41417	693	140	2	34	0.572	126	2.12			21
2020-03-24	56714	1033	10618	243	50202	899	173	3	32	0.743	153	2.75			22
2020-03-25	68841	1366	12127	333	59672	1172	210	4	37	1.018	182	3.58			23
2020-03-26	86662	1783	17821	417	72999	1517	264	5	54	1.275	223	4.64			24
2020-03-27	105253	2305	18591	522	85223	1933	321	7	56	1.596	260	5.91			25
2020-03-28	127417	3018	22164	713	101392	2543	389	9	67	2.179	309	7.77			26
2020-03-29	143544	3573	16127	555	108600	2970	438	10	49	1.696	331	9.08			27
2020-03-30	165698	4280	22154	707	119602	3490	506	13	67	2.161	365	10.67			28
2020-03-31	192079	5359	26381	1079	135365	4326	587	16	80	3.298	413	13.22			29
2020-04-01	227893	6996	35814	1637	159052	5630	696	21	109	5.004	486	17.21			30
2020-04-02	260169	8545	32276	1549	173507	6762	795	26	98	4.735	530	20.67			31
2020-04-03	292609	9973	32440	1428	187356	7668	894	30	99	4.365	572	23.44			32
2020-04-04	324328	11593	31719	1620	196911	8575	991	35	96	4.952	601	26.21			33
2020-04-05	353103	13216	28775	1623	209559	9643	1079	40	87	4.961	640	29.47			34
2020-04-06	385094	14979	31991	1763	219396	10699	1177	45	97	5.389	670	32.7			35
2020-04-07	415244	17585	30150	2606	223165	12226	1269	53	92	7.965	682	37.37			36
2020-04-08	446488	19737	31244	2152	218595	12741	1364	60	95	6.578	668	38.94			37
2020-04-09	482510	21993	36022	2256	222341	13448	1474	67	110	6.896	679	41.1			38
2020-04-10	516699	24207	34189	2214	224090	14234	1579	73	104	6.767	684	43.51			39
2020-04-11	545678	26311	28979	2104	221350	14718	1667	80	88	6.431	676	44.99			40
2020-04-12	571536	28194	25858	1883	218433	14978	1746	86	79	5.755	667	45.78			41
2020-04-13	598780	30195	27244	2001	213686	15216	1830	92	83	6.116	653	46.51			42
2020-04-14	627277	32676	28497	2481	212033	15091	1917	99	87	7.583	648	46.13			43
2020-04-15	653652	35300	26375	2624	207164	15563	1997	107	80	8.02	633	47.57			44
2020-04-16	683325	37487	29673	2187	200815	15494	2088	114	90	6.685	613	47.36			45
2020-04-17	716473	39591	33148	2104	199774	15384	2189	121	101	6.431	610	47.02			46
2020-04-18	743798	41534	27325	1943	198120	15223	2273	126	83	5.939	605	46.53			47
2020-04-19	768833	43501	25035	1967	197297	15307	2349	132	76	6.012	603	46.79			48
2020-04-20	799486	45787	30653	2286	200706	15592	2443	139	93	6.987	613	47.66			49
2020-04-21	825427	48239	25941	2452	198150	15563	2522	147	79	7.495	605	47.57			50
2020-04-22	855373	50704	29946	2465	201721	15404	2614	154	91	7.534	616	47.08			51
2020-04-23	887423	53132	32050	2428	204098	15645	2712	162	97	7.421	623	47.82			52
2020-04-24	918920	55196	31497	2064	202447	15605	2808	168	96	6.309	618	47.7			53
2020-04-25	949511	56935	30591	1739	205713	15401	2902	174	93	5.315	628	47.07			54
2020-04-26	975376	58350	25865	1415	206543	14849	2981	178	79	4.325	631	45.39			55
2020-04-27	1000114	59837	24738	1487	200628	14050	3056	182	75	4.545	613	42.94			56
2020-04-28	1024641	62069	24527	2232	199214	13830	3131	189	74	6.822	608	42.27			57
2020-04-29	1051440	64443	26799	2374	196067	13739	3213	196	81	7.256	599	41.99			58
2020-04-30	1080999	66635	29559	2192	193576	13503	3304	203	90	6.7	591	41.27			59
2020-05-01	1115845	68515	34846	1880	196925	13319	3410	209	106	5.746	601	40.71			60
2020-05-02	1142454	70258	26609	1743	192943	13323	3491	214	81	5.328	589	40.72			61
2020-05-03	1166033	71461	23579	1203	190657	13111	3564	218	72	3.677	582	40.07			62
2020-05-04	1190053	72831	24020	1370	189939	12994	3637	222	73	4.187	580	39.72			63
2020-05-05	1214105	75010	24052	2179	189464	12941	3710	229	73	6.66	579	39.55			64
2020-05-06	1238495	77331	24390	2321	187055	12888	3785	236	74	7.094	571	39.39			65
2020-05-07	1266120	79237	27625	1906	185121	12602	3869	242	84	5.826	565	38.52			66
2020-05-08	1293257	81006	27137	1769	177412	12491	3952	247	82	5.407	542	38.18			67
2020-05-09	1317402	82477	24145	1471	174948	12219	4026	252	73	4.496	534	37.35			68
2020-05-10	1336095	83478	18693	1001	170062	12017	4083	255	57	3.06	519	36.73			69
2020-05-11	1355353	84504	19258	1026	165300	11673	4142	258	58	3.136	505	35.68			70
2020-05-12	1378837	86096	23484	1592	164732	11086	4214	263	71	4.866	503	33.88			71
2020-05-13	1398905	87791	20068	1695	160410	10460	4275	268	61	5.181	490	31.97			72
2020-05-14	1424783	89560	25878	1769	158663	10323	4354	273	79	5.407	484	31.55			73
2020-05-15	1449610	91188	24827	1628	156353	10182	4430	278	75	4.976	477	31.12			74
2020-05-16	1473495	92357	23885	1169	156093	9880	4503	282	73	3.573	477	30.2			75
2020-05-17	1492122	93172	18627	815	156027	9694	4560	284	56	2.491	476	29.63			76
2020-05-18	1514513	94394	22391	1222	159160	9890	4629	288	68	3.735	486	30.23			77
2020-05-19	1535062	95822	20549	1428	156225	9726	4691	292	62	4.365	477	29.73			78
2020-05-20	1557900	97292	22838	1470	158995	9501	4761	297	69	4.493	485	29.04			79
2020-05-21	1582993	98474	25093	1182	158210	8914	4838	300	76	3.613	483	27.25			80
2020-05-22	1606824	99678	23831	1204	157214	8490	4911	304	72	3.68	480	25.95			81
2020-05-23	1626709	100756	19885	1078	153214	8399	4972	307	60	3.295	468	25.67			82
2020-05-24	1646821	101395	20112	639	154699	8223	5033	309	61	1.953	472	25.13			83
2020-05-25	1665995	101995	19174	600	151482	7601	5092	311	58	1.834	463	23.23			84
2020-05-26	1684687	102648	18692	653	149625	6826	5149	313	57	1.996	457	20.86			85
2020-05-27	1703488	104100	18801	1452	145588	6808	5206	318	57	4.438	444	20.81			86
2020-05-28	1724617	105166	21129	1066	141624	6692	5271	321	64	3.258	432	20.45			87
2020-05-29	1749394	106275	24777	1109	142570	6597	5347	324	75	3.39	435	20.16			88
2020-05-30	1772108	107223	22714	948	145399	6467	5416	327	69	2.898	444	19.77			89
2020-05-31	1790871	107846	18763	623	144050	6451	5473	329	57	1.904	440	19.72			90
2020-06-01	1808724	108613	17853	767	142729	6618	5528	331	54	2.344	436	20.23			91
2020-06-02	1828784	109584	20060	971	144097	6936	5589	334	61	2.968	440	21.2			92
2020-06-03	1847869	110584	19085	1000	144381	6484	5648	338	58	3.057	441	19.82			93
2020-06-04	1875676	111582	27807	998	151059	6416	5733	341	84	3.05	461	19.61			94
2020-06-05	1902014	112452	26338	870	152620	6177	5813	343	80	2.659	466	18.88			95
2020-06-06	1922168	113090	20154	638	150060	5867	5875	345	61	1.95	458	17.93			96
2020-06-07	1939976	113550	17808	460	149105	5704	5929	347	54	1.406	455	17.43			97
2020-06-08	1956893	114052	16917	502	148169	5439	5981	348	51	1.534	452	16.62			98
2020-06-09	1977231	114961	20338	909	148447	5377	6043	351	62	2.778	453	16.44			99
2020-06-10	1999007	115819	21776	858	151138	5235	6110	354	66	2.623	461	16.0			100
2020-06-11	2021316	116630	22309	811	145640	5048	6178	356	68	2.479	445	15.43			101
2020-06-12	2046870	117453	25554	823	144856	5001	6256	359	78	2.516	442	15.29			102
2020-06-13	2070999	118159	24129	706	148831	5069	6330	361	73	2.158	454	15.49			103
2020-06-14	2089950	118507	18951	348	149974	4957	6388	362	57	1.064	458	15.15			104
2020-06-15	2111055	118905	21105	398	154162	4853	6452	363	64	1.217	471	14.83			105
2020-06-16	2135694	119681	24639	776	158463	4720	6527	365	75	2.372	484	14.43			106
2020-06-17	2162776	120422	27082	741	163769	4603	6610	368	82	2.265	500	14.07			107
2020-06-18	2191016	121119	28240	697	169700	4489	6696	370	86	2.13	518	13.72			108
2020-06-19	2222002	121750	30986	631	175132	4297	6791	372	94	1.929	535	13.13			109
2020-06-20	2253864	122313	31862	563	182865	4154	6889	373	97	1.721	558	12.7			110
2020-06-21	2279722	122632	25858	319	189772	4125	6968	374	79	0.975	580	12.61			111
2020-06-22	2309714	123011	29992	379	198659	4106	7059	375	91	1.158	607	12.55			112
2020-06-23	2348601	123741	38887	730	212907	4060	7178	378	118	2.231	650	12.41			113
2020-06-24	2384910	124496	36309	755	222134	4074	7289	380	110	2.308	678	12.45			114
2020-06-25	2424262	125047	39352	551	233246	3928	7409	382	120	1.684	712	12.01			115
2020-06-26	2473333	125676	49071	629	251331	3926	7559	384	149	1.923	768	12.0			116
2020-06-27	2514151	126175	40818	499	260287	3862	7684	385	124	1.525	795	11.8			117
2020-06-28	2557065	126498	42914	323	277343	3866	7815	386	131	0.987	847	11.82			118
2020-06-29	2598615	126869	41550	371	288901	3858	7942	387	126	1.134	883	11.79			119
2020-06-30	2648654	127418	50039	549	300053	3677	8095	389	152	1.678	917	11.24			120
2020-07-01	2697987	128120	49333	702	313077	3624	8246	391	150	2.146	956	11.08			121
2020-07-02	2753062	128862	55075	742	328800	3815	8414	393	168	2.268	1004	11.66			122
2020-07-03	2804707	129541	51645	679	331374	3865	8572	395	157	2.075	1012	11.81			123
2020-07-04	2850722	129848	46015	307	336571	3673	8713	396	140	0.938	1028	11.23			124
2020-07-05	2904667	130171	53945	323	347602	3673	8878	397	164	0.987	1062	11.23			125
2020-07-06	2948306	130556	43639	385	349691	3687	9011	399	133	1.177	1068	11.27			126
2020-07-07	3005731	131700	57425	1144	357077	4282	9187	402	175	3.497	1091	13.09			127
2020-07-08	3066216	132542	60485	842	368229	4422	9372	405	184	2.574	1125	13.52			128
2020-07-09	3126023	133578	59807	1036	372961	4716	9554	408	182	3.167	1139	14.41			129
2020-07-10	3194765	134383	68742	805	390058	4842	9764	410	210	2.461	1192	14.8			130
2020-07-11	3255185	135136	60420	753	404463	5288	9949	413	184	2.302	1236	16.16			131
2020-07-12	3315401	135613	60216	477	410734	5442	10133	414	184	1.458	1255	16.63			132
2020-07-13	3375026	136056	59625	443	426720	5500	10315	415	182	1.354	1304	16.81			133
2020-07-14	3440762	136951	65736	895	435031	5251	10516	418	200	2.736	1329	16.05			134
2020-07-15	3507051	137912	66289	961	440835	5370	10719	421	202	2.937	1347	16.41			135
2020-07-16	3577810	138883	70759	971	451787	5305	10935	424	216	2.968	1380	16.21			136
2020-07-17	3644250	139806	66440	923	449485	5423	11138	427	203	2.821	1373	16.58			137
2020-07-18	3708557	140696	64307	890	453372	5560	11335	430	196	2.72	1385	16.99			138
2020-07-19	3767546	141179	58989	483	452145	5566	11515	431	180	1.476	1381	17.01			139
2020-07-20	3828431	141710	60885	531	453405	5654	11701	433	186	1.623	1385	17.28			140
2020-07-21	3896716	142806	68285	1096	455954	5855	11910	436	208	3.35	1393	17.9			141
2020-07-22	3964163	144030	67447	1224	457112	6118	12116	440	206	3.741	1397	18.7			142
2020-07-23	4031940	145106	67777	1076	454130	6223	12323	443	207	3.289	1388	19.02			143
2020-07-24	4106884	146196	74944	1090	462634	6390	12552	446	229	3.332	1414	19.53			144
2020-07-25	4170629	147164	63745	968	462072	6468	12747	449	194	2.959	1412	19.77			145
2020-07-26	4226251	147703	55622	539	458705	6524	12917	451	170	1.647	1402	19.94			146
2020-07-27	4286253	148814	60002	1111	457822	7104	13101	454	183	3.396	1399	21.71			147
2020-07-28	4350806	150026	64553	1212	454090	7220	13298	458	197	3.705	1387	22.07			148
2020-07-29	4414864	151460	64058	1434	450701	7430	13494	462	195	4.383	1377	22.71			149
2020-07-30	4484051	152756	69187	1296	452111	7650	13705	466	211	3.961	1381	23.38			150
2020-07-31	4548418	153924	64367	1168	441534	7728	13902	470	196	3.57	1349	23.62			151
2020-08-01	4605819	155040	57401	1116	435190	7876	14077	473	175	3.411	1330	24.07			152
2020-08-02	4652700	155505	46881	465	426449	7802	14221	475	143	1.421	1303	23.85			153
2020-08-03	4694613	156070	41913	565	408360	7256	14349	477	128	1.727	1248	22.18			154
2020-08-04	4756246	157321	61633	1251	405440	7295	14537	480	188	3.824	1239	22.3			155
2020-08-05	4810383	158743	54137	1422	395519	7283	14703	485	165	4.346	1208	22.26			156
2020-08-06	4870436	159931	60053	1188	386385	7175	14886	488	183	3.631	1181	21.93			157
2020-08-07	4930876	161223	60440	1292	382458	7299	15071	492	184	3.949	1168	22.31			158
2020-08-08	4994646	162312	63770	1089	388827	7272	15266	496	194	3.329	1188	22.23			159
2020-08-09	5048807	162889	54161	577	396107	7384	15431	497	165	1.764	1210	22.57			160
2020-08-10	5100454	163414	51647	525	405841	7344	15589	499	157	1.605	1240	22.45			161
2020-08-11	5157327	164491	56873	1077	401081	7170	15763	502	173	3.292	1225	21.92			162
2020-08-12	5212555	166000	55228	1509	402172	7257	15932	507	168	4.612	1229	22.18			163
2020-08-13	5264009	167034	51454	1034	393573	7103	16089	510	157	3.16	1202	21.71			164
2020-08-14	5334094	168338	70085	1304	403218	7115	16303	514	214	3.986	1232	21.75			165
2020-08-15	5386411	169376	52317	1038	391765	7064	16463	517	159	3.173	1197	21.59			166
2020-08-16	5420984	169991	34573	615	372177	7102	16569	519	105	1.88	1137	21.71			167
2020-08-17	5458984	170469	38000	478	358530	7055	16685	521	116	1.461	1095	21.56			168
2020-08-18	5503975	171696	44991	1227	346648	7205	16823	524	137	3.75	1059	22.02			169
2020-08-19	5549884	172381	45909	685	337329	6381	16963	526	140	2.094	1031	19.5			170
2020-08-20	5595011	173481	45127	1100	331002	6447	17101	530	137	3.362	1011	19.71			171
2020-08-21	5642919	174576	47908	1095	308825	6238	17247	533	146	3.347	943	19.07			172
2020-08-22	5688187	175531	45268	955	301776	6155	17386	536	138	2.919	922	18.81			173
2020-08-23	5720081	176037	31894	506	299097	6046	17483	538	97	1.547	914	18.48			174
2020-08-24	5754172	176470	34091	433	295188	6001	17587	539	104	1.323	902	18.34			175
2020-08-25	5796726	177693	42554	1223	292751	5997	17717	543	130	3.738	894	18.33			176
2020-08-26	5838911	178851	42185	1158	289027	6470	17846	546	128	3.539	883	19.78			177
2020-08-27	5889340	179958	50429	1107	294329	6477	18000	550	154	3.384	899	19.8			178
2020-08-28	5935653	180880	46313	922	292734	6304	18142	552	141	2.818	894	19.27			179
2020-08-29	5978701	181842	43048	962	290514	6311	18274	555	131	2.94	887	19.29			180
2020-08-30	6012860	182282	34159	440	292779	6245	18378	557	104	1.345	894	19.09			181
2020-08-31	6046389	182764	33529	482	292217	6294	18481	558	102	1.473	893	19.24			182
2020-09-01	6088355	183831	41966	1067	291629	6138	18609	561	128	3.261	891	18.76			183
2020-09-02	6128461	184885	40106	1054	289550	6034	18731	565	122	3.222	885	18.44			184
2020-09-03	6173656	185907	45195	1022	284316	5949	18870	568	138	3.124	869	18.18			185
2020-09-04	6222309	186858	48653	951	286656	5978	19018	571	148	2.907	876	18.27			186
2020-09-05	6265518	187651	43209	793	286817	5809	19150	573	132	2.424	876	17.76			187
2020-09-06	6294586	188087	29068	436	281726	5805	19239	574	88	1.333	861	17.74			188
2020-09-07	6319288	188410	24702	323	272899	5646	19315	575	75	0.987	834	17.26			189
2020-09-08	6346383	188883	27095	473	258028	5052	19397	577	82	1.446	788	15.44			190
2020-09-09	6380217	189983	33834	1100	251756	5098	19501	580	103	3.362	769	15.58			191
2020-09-10	6419846	190892	39629	909	246190	4985	19622	583	121	2.778	752	15.24			192
2020-09-11	6464666	192034	44820	1142	242357	5176	19759	586	136	3.491	740	15.82			193
2020-09-12	6510245	192771	45579	737	244727	5120	19898	589	139	2.253	748	15.65			194
2020-09-13	6550542	193165	40297	394	255956	5078	20021	590	123	1.204	782	15.52			195
2020-09-14	6583457	193586	32915	421	264169	5176	20122	591	100	1.287	807	15.82			196
2020-09-15	6620875	194777	37418	1191	274492	5894	20236	595	114	3.64	838	18.02			197
2020-09-16	6659228	195710	38353	933	279011	5727	20354	598	117	2.852	852	17.5			198
2020-09-17	6704668	196560	45440	850	284822	5668	20493	600	138	2.598	870	17.32			199
2020-09-18	6754876	197518	50208	958	290210	5484	20646	603	153	2.928	887	16.76			200
2020-09-19	6800494	198184	45618	666	290249	5413	20785	605	139	2.036	887	16.55			201
2020-09-20	6842077	198449	41583	265	291535	5284	20913	606	127	0.81	891	16.15			202
2020-09-21	6874360	198861	32283	412	290903	5275	21011	607	98	1.259	889	16.12			203
2020-09-22	6912648	199882	38288	1021	291773	5105	21128	610	117	3.121	891	15.6			204
2020-09-23	6953866	200933	41218	1051	294638	5223	21254	614	125	3.212	900	15.96			205
2020-09-24	7002811	201821	48945	888	298143	5261	21404	616	149	2.714	911	16.08			206
2020-09-25	7049828	202735	47017	914	294952	5217	21548	619	143	2.794	901	15.95			207
2020-09-26	7093272	203497	43444	762	292778	5313	21680	621	132	2.329	894	16.24			208
2020-09-27	7126962	203801	33690	304	284885	5352	21783	622	102	0.929	870	16.36			209
2020-09-28	7165039	204141	38077	340	290679	5280	21900	623	116	1.039	888	16.14			210
2020-09-29	7207304	205035	42265	894	294656	5153	22029	626	129	2.733	900	15.75			211
2020-09-30	7246203	205940	38899	905	292337	5007	22148	629	118	2.766	893	15.3			212
2020-10-01	7292558	206836	46355	896	289747	5015	22289	632	141	2.739	885	15.33			213
2020-10-02	7346080	207673	53522	837	296252	4938	22453	634	163	2.558	905	15.09			214
2020-10-03	7395394	208345	49314	672	302122	4848	22604	636	150	2.054	923	14.82			215
2020-10-04	7428728	208714	33334	369	301766	4913	22706	637	101	1.128	922	15.02			216
2020-10-05	7466702	209189	37974	475	301663	5048	22822	639	116	1.452	922	15.43			217
2020-10-06	7511657	209877	44955	688	304353	4842	22959	641	137	2.103	930	14.8			218
2020-10-07	7561176	210783	49519	906	314973	4843	23111	644	151	2.769	962	14.8			219
2020-10-08	7619364	211756	58188	973	326806	4920	23288	647	177	2.974	998	15.04			220
2020-10-09	7674680	212718	55316	962	328600	5045	23457	650	169	2.94	1004	15.42			221
2020-10-10	7729855	213365	55175	647	334461	5020	23626	652	168	1.978	1022	15.34			222
2020-10-11	7776676	213828	46821	463	347948	5114	23769	653	143	1.415	1063	15.63			223
2020-10-12	7819650	214223	42974	395	352948	5034	23901	654	131	1.207	1078	15.39			224
2020-10-13	7870241	214963	50591	740	358584	5086	24055	657	154	2.262	1096	15.55			225
2020-10-14	7929326	215952	59085	989	368150	5169	24236	660	180	3.023	1125	15.8			226
2020-10-15	7993128	216792	63802	840	373764	5036	24431	662	195	2.567	1142	15.39			227
2020-10-16	8063400	217725	70272	933	388720	5007	24646	665	214	2.852	1188	15.3			228
2020-10-17	8118153	218514	54753	789	388298	5149	24813	667	167	2.412	1186	15.74			229
2020-10-18	8170387	218996	52234	482	393711	5168	24973	669	159	1.473	1203	15.8			230
2020-10-19	8239142	219507	68755	511	419492	5284	25183	670	210	1.562	1282	16.15			231
2020-10-20	8301633	220459	62491	952	431392	5496	25374	673	191	2.91	1318	16.8			232
2020-10-21	8362937	221627	61304	1168	433611	5675	25561	677	187	3.57	1325	17.35			233
2020-10-22	8443102	222488	80165	861	449974	5696	25806	680	245	2.632	1375	17.41			234
2020-10-23	8525163	223444	82061	956	461763	5719	26057	682	250	2.922	1411	17.48			235
2020-10-24	8603144	224416	77981	972	484991	5902	26295	685	238	2.971	1482	18.04			236
2020-10-25	8663474	224868	60330	452	493087	5872	26480	687	184	1.382	1507	17.95			237
2020-10-26	8728017	225425	64543	557	488875	5918	26677	689	197	1.702	1494	18.09			238
2020-10-27	8806939	226447	78922	1022	505306	5988	26918	692	241	3.124	1544	18.3			239
2020-10-28	8895228	227489	88289	1042	532291	5862	27188	695	269	3.185	1626	17.92			240
2020-10-29	8987915	228484	92687	995	544813	5996	27471	698	283	3.041	1665	18.33			241
2020-10-30	9088396	229555	100481	1071	563233	6111	27779	701	307	3.274	1721	18.68			242
2020-10-31	9175090	230494	86694	939	571946	6078	28044	704	264	2.87	1748	18.58			243
2020-11-01	9253150	231003	78060	509	589676	6135	28282	706	238	1.556	1802	18.75			244
2020-11-02	9337152	231601	84002	598	609135	6176	28539	707	256	1.828	1861	18.88			245
2020-11-03	9463958	233226	126806	1625	657019	6779	28926	712	387	4.967	2008	20.72			246
2020-11-04	9566040	234344	102082	1118	670812	6855	29238	716	312	3.417	2050	20.95			247
2020-11-05	9696024	235535	129984	1191	708109	7051	29636	719	397	3.64	2164	21.55			248
2020-11-06	9825018	236754	128994	1219	736622	7199	30030	723	394	3.726	2251	22.0			249
2020-11-07	9952092	237880	127074	1126	777002	7386	30418	727	388	3.442	2374	22.58			250
2020-11-08	10071450	238455	119358	575	818300	7452	30783	728	364	1.758	2501	22.78			251
2020-11-09	10191043	239258	119593	803	853891	7657	31149	731	365	2.454	2609	23.4			252
2020-11-10	10330298	240698	139255	1440	866340	7472	31574	735	425	4.401	2648	22.84			253
2020-11-11	10479834	242160	149536	1462	913794	7816	32032	740	457	4.469	2793	23.89			254
2020-11-12	10639419	243402	159585	1242	943395	7867	32519	743	487	3.796	2883	24.05			255
2020-11-13	10818221	244630	178802	1228	993203	7876	33066	747	546	3.753	3035	24.07			256
2020-11-14	10980846	245999	162625	1369	1028754	8119	33563	751	497	4.184	3144	24.82			257
2020-11-15	11119299	246789	138453	790	1047849	8334	33986	754	423	2.415	3202	25.47			258
2020-11-16	11275262	247666	155963	877	1084219	8408	34463	757	476	2.681	3313	25.7			259
2020-11-17	11442389	249412	167127	1746	1112091	8714	34974	762	510	5.337	3399	26.63			260
2020-11-18	11615756	251351	173367	1939	1135922	9191	35504	768	529	5.927	3471	28.09			261
2020-11-19	11807599	253365	191843	2014	1168180	9963	36090	774	586	6.156	3570	30.45			262
2020-11-20	12008813	255341	201214	1976	1190592	10711	36705	780	615	6.04	3639	32.74			263
2020-11-21	12186188	256972	177375	1631	1205342	10973	37247	785	542	4.985	3684	33.54			264
2020-11-22	12331368	258048	145180	1076	1212069	11259	37691	788	443	3.289	3704	34.41			265
2020-11-23	12515971	259188	184603	1140	1240709	11522	38255	792	564	3.484	3792	35.22			266
2020-11-24	12690786	261375	174815	2187	1248397	11963	38789	798	534	6.685	3815	36.57			267
2020-11-25	12872066	263633	181280	2258	1256310	12282	39343	805	554	6.902	3839	37.54			268
2020-11-26	12984748	265026	112682	1393	1177149	11661	39688	810	344	4.258	3598	35.64			269
2020-11-27	13199989	266646	215241	1620	1191176	11305	40346	815	657	4.952	3640	34.55			270
2020-11-28	13367276	268055	167287	1409	1181088	11083	40857	819	511	4.307	3610	33.88			271
2020-11-29	13506882	269103	139606	1048	1175514	11055	41284	822	426	3.203	3593	33.79			272
2020-11-30	13665591	270481	158709	1378	1149620	11293	41769	826	485	4.212	3513	34.52			273
2020-12-01	13864288	273042	198697	2561	1173502	11667	42376	834	607	7.828	3586	35.66			274
2020-12-02	14061350	275819	197062	2777	1189284	12186	42979	843	602	8.488	3635	37.25			275
2020-12-03	14280768	278727	219418	2908	1296020	13701	43649	851	670	8.888	3961	41.88			276
2020-12-04	14516014	281393	235246	2666	1316025	14747	44368	860	719	8.149	4022	45.07			277
2020-12-05	14735729	283786	219715	2393	1368453	15731	45040	867	671	7.314	4182	48.08			278
2020-12-06	14913818	285206	178089	1420	1406936	16103	45584	871	544	4.34	4300	49.22			279
2020-12-07	15110352	286848	196534	1642	1444761	16367	46185	876	600	5.019	4415	50.03			280
2020-12-08	15337694	289448	227342	2600	1473406	16406	46880	884	694	7.947	4503	50.15			281
2020-12-09	15553463	292395	215769	2947	1492113	16576	47539	893	659	9.008	4560	50.67			282
2020-12-10	15789186	295310	235723	2915	1508418	16583	48260	902	720	8.91	4610	50.69			283
2020-12-11	16026128	298645	236942	3335	1510114	17252	48984	912	724	10.194	4615	52.73			284
2020-12-12	16248711	301150	222583	2505	1512982	17364	49664	920	680	7.657	4624	53.07			285
2020-12-13	16439337	302746	190626	1596	1525519	17540	50247	925	582	4.878	4662	53.61			286
2020-12-14	16649808	304442	210471	1696	1539456	17594	50890	930	643	5.184	4705	53.78			287
2020-12-15	16876998	307343	227190	2901	1539304	17895	51585	939	694	8.867	4704	54.7			288
2020-12-16	17111233	311026	234235	3683	1557770	18631	52301	950	715	11.257	4761	56.95			289
2020-12-17	17350397	314444	239164	3418	1561211	19134	53032	961	731	10.447	4771	58.48			290
2020-12-18	17596918	317373	246521	2929	1570790	18728	53785	970	753	8.953	4801	57.24			291
2020-12-19	17801779	320109	204861	2736	1553068	18959	54411	978	626	8.363	4747	57.95			292
2020-12-20	17987945	321808	186166	1699	1548608	19062	54980	983	569	5.193	4733	58.26			293
2020-12-21	18185561	323635	197616	1827	1535753	19193	55584	989	604	5.584	4694	58.66			294
2020-12-22	18391305	326966	205744	3331	1514307	19623	56213	999	628	10.181	4628	59.98			295
2020-12-23	18612138	330277	220833	3311	1500905	19251	56888	1009	674	10.12	4587	58.84			296
2020-12-24	18823673	333135	211535	2858	1473276	18691	57535	1018	646	8.736	4503	57.13			297
2020-12-25	18949188	334633	125515	1498	1352270	17260	57918	1022	383	4.579	4133	52.76			298
2020-12-26	19167149	336545	217961	1912	1365370	16436	58585	1028	666	5.844	4173	50.24			299
2020-12-27	19303294	337976	136145	1431	1315349	16168	59001	1033	416	4.374	4020	49.42			300
2020-12-28	19478079	339875	174785	1899	1292518	16240	59535	1038	534	5.804	3950	49.64			301
2020-12-29	19684736	343449	206657	3574	1293431	16483	60167	1049	631	10.924	3953	50.38			302
2020-12-30	19903510	347305	218774	3856	1291372	17028	60835	1061	668	11.786	3947	52.05			303
2020-12-31	20217292	350555	313782	3250	1393619	17420	61794	1071	959	9.934	4259	53.24			304
2021-01-01	20394862	352760	177570	2205	1445674	18127	62337	1078	542	6.74	4418	55.41			305
2021-01-02	20667307	355281	272445	2521	1500158	18736	63170	1085	832	7.706	4585	57.27			306
2021-01-03	20870469	356707	203162	1426	1567175	18731	63791	1090	620	4.359	4790	57.25			307
2021-01-04	21057408	358723	186939	2016	1579329	18848	64362	1096	571	6.162	4827	57.61			308
2021-01-05	21289485	362295	232077	3572	1604749	18846	65072	1107	709	10.918	4904	57.6			309
2021-01-06	21549360	366169	259875	3874	1645850	18864	65866	1119	794	11.841	5030	57.66			310
2021-01-07	21834373	370168	285013	3999	1617081	19613	66737	1131	871	12.223	4942	59.95			311
2021-01-08	22137351	374321	302978	4153	1742489	21561	67663	1144	926	12.694	5325	65.9			312
2021-01-09	22400696	377523	263345	3202	1733389	22242	68468	1153	804	9.787	5298	67.98			313
2021-01-10	22610615	379612	209919	2089	1740146	22905	69110	1160	641	6.385	5318	70.01			314
2021-01-11	22815288	381469	204673	1857	1757880	22746	69735	1165	625	5.676	5373	69.52			315
2021-01-12	23037552	385842	222264	4373	1748067	23547	70415	1179	679	13.366	5343	71.97			316
2021-01-13	23266268	389829	228716	3987	1716908	23660	71114	1191	699	12.186	5247	72.32			317
2021-01-14	23501217	393604	234949	3775	1666844	23436	71832	1203	718	11.538	5094	71.63			318
2021-01-15	23745600	397420	244383	3816	1608249	23099	72579	1214	746	11.664	4915	70.6			319
2021-01-16	23962510	400971	216910	3551	1561814	23448	73242	1225	662	10.854	4773	71.67			320
2021-01-17	24138644	402953	176134	1982	1528029	23341	73780	1231	538	6.058	4670	71.34			321
2021-01-18	24279914	404534	141270	1581	1464626	23065	74212	1236	431	4.832	4476	70.5			322
2021-01-19	24436905	406937	156991	2403	1399353	21095	74692	1243	479	7.345	4277	64.48			323
2021-01-20	24624583	411326	187678	4389	1358315	21497	75265	1257	573	13.415	4151	65.71			324
2021-01-21	24816651	415429	192068	4103	1315434	21825	75853	1269	587	12.541	4020	66.71			325
2021-01-22	25008100	419206	191449	3777	1262500	21786	76438	1281	585	11.545	3858	66.59			326
2021-01-23	25185344	422729	177244	3523	1222834	21758	76979	1292	541	10.768	3737	66.5			327
2021-01-24	25325126	424555	139782	1826	1186482	21602	77407	1297	427	5.581	3626	66.03			328
2021-01-25	25455155	426337	130029	1782	1175241	21803	77804	1303	397	5.447	3592	66.64			329
2021-01-26	25606433	430316	151278	3979	1169528	23379	78267	1315	462	12.162	3574	71.46			330
2021-01-27	25761637	434380	155204	4064	1137054	23054	78741	1327	474	12.422	3475	70.47			331
2021-01-28	25928347	438187	166710	3807	1111696	22758	79251	1339	509	11.636	3397	69.56			332
2021-01-29	26091659	441750	163312	3563	1083559	22544	79750	1350	499	10.89	3311	68.91			333
2021-01-30	26242028	444607	150369	2857	1056684	21878	80209	1358	459	8.733	3229	66.87			334
2021-01-31	26354581	446538	112553	1931	1029455	21983	80553	1364	344	5.902	3146	67.19			335
2021-02-01	26480476	448319	125895	1781	1025321	21982	80938	1370	384	5.444	3133	67.19			336
2021-02-02	26597947	451855	117471	3536	991514	21539	81297	1381	359	10.808	3030	65.83			337
2021-02-03	26722379	455719	124432	3864	960742	21339	81677	1392	380	11.81	2936	65.22			338
2021-02-04	26847032	459602	124653	3883	918685	21415	82058	1404	381	11.869	2807	65.46			339
2021-02-05	26977458	463263	130426	3661	885799	21513	82457	1415	398	11.19	2707	65.76			340
2021-02-06	27093697	465990	116239	2727	851669	21383	82812	1424	355	8.335	2603	65.36			341
2021-02-07	27182862	467452	89165	1462	828281	20914	83085	1428	272	4.469	2531	63.92			342
2021-02-08	27266065	468902	83203	1450	785589	20583	83339	1433	254	4.432	2401	62.91			343
2021-02-09	27361767	471934	95702	3032	763820	20079	83632	1442	292	9.267	2334	61.37			344
2021-02-10	27457471	475295	95704	3361	735092	19576	83924	1452	292	10.273	2246	59.83			345
2021-02-11	27563639	478454	106168	3159	716607	18852	84249	1462	324	9.656	2190	57.62			346
2021-02-12	27663210	481292	99571	2838	685752	18029	84553	1471	304	8.674	2096	55.11			347
2021-02-13	27753538	483543	90328	2251	659841	17553	84829	1477	276	6.88	2016	53.65			348
2021-02-14	27821727	484694	68189	1151	638865	17242	85038	1481	208	3.518	1952	52.7			349
2021-02-15	27877893	485641	56166	947	611828	16739	85209	1484	171	2.895	1870	51.16			350
2021-02-16	27937716	487285	59823	1644	575949	15351	85392	1489	182	5.025	1760	46.92			351
2021-02-17	28006707	489692	68991	2407	549236	14397	85603	1496	210	7.357	1678	44.0			352
2021-02-18	28078955	492250	72248	2558	515316	13796	85824	1504	220	7.819	1575	42.17			353
2021-02-19	28153826	494766	74871	2516	490616	13474	86053	1512	228	7.69	1499	41.18			354
2021-02-20	28227363	496681	73537	1915	473825	13138	86278	1518	224	5.853	1448	40.16			355
2021-02-21	28282610	497891	55247	1210	460883	13197	86446	1521	168	3.698	1408	40.34			356
2021-02-22	28338683	499101	56073	1210	460790	13460	86618	1525	171	3.698	1408	41.14			357
2021-02-23	28412504	501359	73821	2258	474788	14074	86843	1532	225	6.902	1451	43.02			358
2021-02-24	28487519	504575	75015	3216	480812	14883	87073	1542	229	9.83	1469	45.49			359
2021-02-25	28564596	506988	77077	2413	485641	14738	87308	1549	235	7.375	1484	45.05			360
2021-02-26	28639538	509119	74942	2131	485712	14353	87537	1556	229	6.513	1484	43.87			361
2021-02-27	28710346	510632	70808	1513	482983	13951	87754	1560	216	4.625	1476	42.64			362
2021-02-28	28761999	511718	51653	1086	479389	13827	87912	1564	157	3.319	1465	42.26			363
2021-03-01	28812154	513035	50155	1317	473471	13934	88065	1568	153	4.025	1447	42.59			364
2021-03-02	28870821	514948	58667	1913	458317	13589	88244	1573	179	5.847	1400	41.54			365
2021-03-03	28937903	517470	67082	2522	450384	12895	88449	1581	205	7.709	1376	39.41			366
2021-03-04	29006382	519394	68479	1924	441786	12406	88659	1587	209	5.881	1350	37.92			367
2021-03-05	29073585	521108	67203	1714	434047	11989	88864	1592	205	5.239	1326	36.64			368
2021-03-06	29134332	522627	60747	1519	423986	11995	89050	1597	185	4.643	1295	36.66			369
2021-03-07	29175872	523329	41540	702	413873	11611	89177	1599	126	2.146	1265	35.49			370
2021-03-08	29220671	524048	44799	719	408517	11013	89314	1601	136	2.198	1248	33.66			371
2021-03-09	29276496	525809	55825	1761	405675	10861	89484	1607	170	5.383	1239	33.2			372
2021-03-10	29334214	527345	57718	1536	396311	9875	89661	1611	176	4.695	1211	30.18			373
2021-03-11	29395974	528887	61760	1542	389592	9493	89849	1616	188	4.713	1190	29.02			374
2021-03-12	29458257	530310	62283	1423	384672	9202	90040	1620	190	4.349	1175	28.13			375
2021-03-13	29514522	531277	56265	967	380190	8650	90212	1623	171	2.956	1162	26.44			376
2021-03-14	29553085	531792	38563	515	377213	8463	90330	1625	117	1.574	1152	25.87			377
2021-03-15	29604649	532498	51564	706	383978	8450	90487	1627	157	2.158	1173	25.83			378
2021-03-16	29659724	533749	55075	1251	383228	7940	90656	1631	168	3.824	1171	24.27			379
2021-03-17	29719606	534943	59882	1194	385392	7598	90839	1635	183	3.65	1177	23.22			380
2021-03-18	29781812	536574	62206	1631	385838	7687	91029	1640	190	4.985	1179	23.5			381
2021-03-19	29842724	537597	60912	1023	384467	7287	91215	1643	186	3.127	1175	22.27			382
2021-03-20	29900974	538367	58250	770	386452	7090	91393	1645	178	2.354	1181	21.67			383
2021-03-21	29936381	539073	35407	706	383296	7281	91501	1647	108	2.158	1171	22.25			384
2021-03-22	29984816	539627	48435	554	380167	7129	91649	1649	148	1.693	1161	21.79			385
2021-03-23	30037577	540571	52761	944	377853	6822	91811	1652	161	2.885	1154	20.85			386
2021-03-24	30125412	542033	87835	1462	405806	7090	92079	1656	268	4.469	1240	21.67			387
2021-03-25	30192800	543378	67388	1345	410988	6804	92285	1660	205	4.111	1256	20.8			388
2021-03-26	30268939	544534	76139	1156	426215	6937	92518	1664	232	3.533	1302	21.2			389
2021-03-27	30332723	545339	63784	805	431749	6972	92713	1666	194	2.461	1319	21.31			390
2021-03-28	30379095	545781	46372	442	442714	6708	92854	1668	141	1.351	1353	20.5			391
2021-03-29	30445768	546417	66673	636	460952	6790	93058	1670	203	1.944	1408	20.75			392
2021-03-30	30507991	547308	62223	891	470414	6737	93248	1672	190	2.723	1437	20.59			393
2021-03-31	30577401	548379	69410	1071	451989	6346	93461	1676	212	3.274	1381	19.4			394
2021-04-01	30654252	549479	76851	1100	461452	6101	93695	1679	234	3.362	1410	18.65			395
2021-04-02	30728134	550371	73882	892	459195	5837	93921	1682	225	2.726	1403	17.84			396
2021-04-03	30792630	551127	64496	756	459907	5788	94118	1684	197	2.311	1405	17.69			397
2021-04-04	30830497	551440	37867	313	451402	5659	94234	1685	115	0.957	1379	17.3			398
2021-04-05	30898748	551906	68251	466	452980	5489	94443	1686	208	1.424	1384	16.78			399
2021-04-06	30962137	552738	63389	832	454146	5430	94636	1689	193	2.543	1388	16.6			400
2021-04-07	31037894	555340	75757	2602	460493	6961	94868	1697	231	7.953	1407	21.28			401
2021-04-08	31117737	556352	79843	1012	463485	6873	95112	1700	244	3.093	1416	21.01			402
2021-04-09	31202155	557255	84418	903	474021	6884	95370	1703	258	2.76	1448	21.04			403
2021-04-10	31272500	558015	70345	760	479870	6888	95585	1705	215	2.323	1466	21.05			404
2021-04-11	31319825	558307	47325	292	489328	6867	95730	1706	144	0.893	1495	20.99			405
2021-04-12	31383054	558760	63229	453	484306	6854	95923	1707	193	1.385	1480	20.95			406
2021-04-13	31463745	559624	80691	864	501608	6886	96170	1710	246	2.641	1533	21.05			407
2021-04-14	31538727	560561	74982	937	500833	5221	96399	1713	229	2.864	1530	15.96			408
2021-04-15	31612946	561468	74219	907	495209	5116	96626	1716	226	2.772	1513	15.64			409
2021-04-16	31695715	562338	82769	870	493560	5083	96879	1718	252	2.659	1508	15.54			410
2021-04-17	31751070	563047	55355	709	478570	5032	97048	1720	169	2.167	1462	15.38			411
2021-04-18	31794890	563397	43820	350	475065	5090	97182	1722	133	1.07	1452	15.56			412
2021-04-19	31854760	563893	59870	496	471706	5133	97365	1723	182	1.516	1441	15.69			413
2021-04-20	31917065	564730	62305	837	453320	5106	97555	1726	190	2.558	1385	15.61			414
2021-04-21	31981776	565628	64711	898	443049	5067	97753	1728	197	2.745	1354	15.49			415
2021-04-22	32047960	566569	66184	941	435014	5101	97955	1731	202	2.876	1329	15.59			416
2021-04-23	32110633	567332	62673	763	414918	4994	98147	1734	191	2.332	1268	15.26			417
2021-04-24	32164920	568082	54287	750	413850	5035	98313	1736	165	2.292	1264	15.39			418
2021-04-25	32199322	568391	34402	309	404432	4994	98418	1737	105	0.944	1236	15.26			419
2021-04-26	32242631	568872	43309	481	387871	4979	98550	1738	132	1.47	1185	15.22			420
2021-04-27	32294652	569538	52021	666	377587	4808	98709	1740	159	2.036	1154	14.7			421
2021-04-28	32350519	570522	55867	984	368743	4894	98880	1743	170	3.008	1127	14.96			422
2021-04-29	32408201	571406	57682	884	360241	4837	99056	1746	176	2.702	1101	14.78			423
2021-04-30	32465938	572210	57737	804	355305	4878	99233	1748	176	2.457	1086	14.91			424
2021-05-01	32514097	572959	48159	749	349177	4877	99380	1751	147	2.289	1067	14.91			425
2021-05-02	32544691	573282	30594	323	345369	4891	99474	1752	93	0.987	1055	14.95			426
2021-05-03	32590091	573768	45400	486	347460	4896	99612	1753	138	1.485	1062	14.96			427
2021-05-04	32632810	574643	42719	875	338158	5105	99743	1756	130	2.674	1033	15.6			428
2021-05-05	32678626	575457	45816	814	328107	4935	99883	1758	140	2.488	1002	15.08			429
2021-05-06	32724556	576253	45930	796	316355	4847	100023	1761	140	2.433	966	14.82			430
2021-05-07	32772734	577011	48178	758	306796	4801	100171	1763	147	2.317	937	14.67			431
2021-05-08	32807689	577650	34955	639	293592	4691	100277	1765	106	1.953	897	14.34			432
2021-05-09	32830424	577913	22735	263	285733	4631	100347	1766	69	0.804	873	14.15			433
2021-05-10	32863236	578315	32812	402	273145	4547	100447	1767	100	1.229	834	13.9			434
2021-05-11	32898511	578995	35275	680	265701	4352	100555	1769	107	2.078	812	13.3			435
2021-05-12	32934485	579761	35974	766	255859	4304	100665	1772	109	2.341	782	13.16			436
2021-05-13	32972358	580508	37873	747	247802	4255	100781	1774	115	2.283	757	13.01			437
2021-05-14	33013959	581139	41601	631	241225	4128	100908	1776	127	1.929	737	12.62			438
2021-05-15	33044426	581663	30467	524	236737	4013	101001	1777	93	1.602	723	12.27			439
2021-05-16	33062058	581932	17632	269	231634	4019	101055	1778	53	0.822	707	12.28			440
2021-05-17	33087588	582334	25530	402	224352	4019	101133	1779	78	1.229	685	12.28			441
2021-05-18	33116596	583115	29008	781	218085	4120	101222	1782	88	2.387	666	12.59			442
2021-05-19	33145666	583769	29070	654	211181	4008	101311	1784	88	1.999	645	12.25			443
2021-05-20	33175659	584453	29993	684	203301	3945	101402	1786	91	2.091	621	12.06			444
2021-05-21	33204336	585055	28677	602	190377	3916	101490	1788	87	1.84	581	11.97			445
2021-05-22	33225241	585543	20905	488	180815	3880	101554	1789	63	1.492	552	11.86			446
2021-05-23	33239026	585748	13785	205	176968	3816	101596	1790	42	0.627	540	11.66			447
2021-05-24	33261196	586189	22170	441	173608	3855	101664	1791	67	1.348	530	11.78			448
2021-05-25	33284994	586828	23798	639	168398	3713	101736	1793	72	1.953	514	11.35			449
2021-05-26	33309366	587813	24372	985	163700	4044	101811	1796	74	3.011	500	12.36			450
2021-05-27	33335901	589163	26535	1350	160242	4710	101892	1800	81	4.126	489	14.4			451
2021-05-28	33357825	589698	21924	535	153489	4643	101959	1802	67	1.635	469	14.19			452
2021-05-29	33370803	590026	12978	328	145562	4483	101999	1803	39	1.003	444	13.7			453
2021-05-30	33378007	590174	7204	148	138981	4426	102021	1803	22	0.452	424	13.53			454
2021-05-31	33384356	590355	6349	181	123160	4166	102040	1804	19	0.553	376	12.73			455
2021-06-01	33405445	590998	21089	643	120451	4170	102105	1806	64	1.965	368	12.75			456
2021-06-02	33422031	591558	16586	560	112665	3745	102155	1808	50	1.712	344	11.45			457
2021-06-03	33440010	592189	17979	631	104109	3026	102210	1810	54	1.929	318	9.25			458
2021-06-04	33457547	592706	17537	517	99722	3008	102264	1811	53	1.58	304	9.19			459
2021-06-05	33472703	593290	15156	584	101900	3264	102310	1813	46	1.785	311	9.98			460
2021-06-06	33478599	593459	5896	169	100592	3285	102328	1813	18	0.517	307	10.04			461
2021-06-07	33492788	593769	14189	310	108432	3414	102372	1814	43	0.948	331	10.44			462
2021-06-08	33505582	594077	12794	308	100137	3079	102411	1815	39	0.941	306	9.41			463
2021-06-09	33523789	594552	18207	475	101758	2994	102466	1817	55	1.452	311	9.15			464
2021-06-10	33538304	594955	14515	403	98294	2766	102511	1818	44	1.232	300	8.45			465
2021-06-11	33562820	595481	24516	526	105273	2775	102586	1820	74	1.608	321	8.48			466
2021-06-12	33571641	595749	8821	268	98938	2459	102613	1820	26	0.819	302	7.52			467
2021-06-13	33576667	595861	5026	112	98068	2402	102628	1821	15	0.342	299	7.34			468
2021-06-14	33588571	596050	11904	189	95783	2281	102664	1821	36	0.578	292	6.97			469
2021-06-15	33599217	596373	10646	323	93635	2296	102697	1822	32	0.987	286	7.02			470
2021-06-16	33610970	596756	11753	383	87181	2204	102733	1824	35	1.171	266	6.74			471
2021-06-17	33622489	597055	11519	299	84185	2100	102768	1824	35	0.914	257	6.42			472
2021-06-18	33643473	597655	20984	600	80653	2174	102832	1826	64	1.834	246	6.64			473
2021-06-19	33652358	597825	8885	170	80717	2076	102859	1827	27	0.52	246	6.35			474
2021-06-20	33657283	597904	4925	79	80616	2043	102874	1827	15	0.241	246	6.24			475
2021-06-21	33668015	598164	10732	260	79444	2114	102907	1828	32	0.795	242	6.46			476
2021-06-22	33678782	598508	10767	344	79565	2135	102940	1829	32	1.051	243	6.53			477
2021-06-23	33691279	598894	12497	386	80309	2138	102978	1830	38	1.18	245	6.53			478
2021-06-24	33705472	599235	14193	341	82983	2180	103022	1831	43	1.042	253	6.66			479
2021-06-25	33729994	599763	24522	528	86521	2108	103097	1833	74	1.614	264	6.44			480
2021-06-26	33739053	599924	9059	161	86695	2099	103124	1833	27	0.492	264	6.42			481
2021-06-27	33743712	599999	4659	75	86429	2095	103138	1833	14	0.229	264	6.4			482
2021-06-28	33757482	600158	13770	159	89467	1994	103181	1834	42	0.486	273	6.09			483
2021-06-29	33765008	600487	7526	329	86226	1979	103204	1835	23	1.006	263	6.05			484
2021-06-30	33780294	600787	15286	300	89015	1893	103250	1836	46	0.917	272	5.79			485
2021-07-01	33795215	601070	14921	283	89743	1835	103296	1837	45	0.865	274	5.61			486
2021-07-02	33824833	601504	29618	434	94839	1741	103386	1838	90	1.327	289	5.32			487
2021-07-03	33830103	601587	5270	83	91050	1663	103403	1838	16	0.254	278	5.08			488
2021-07-04	33834368	601627	4265	40	90656	1628	103416	1838	13	0.122	277	4.98			489
2021-07-05	33843529	601748	9161	121	86047	1590	103444	1839	28	0.37	263	4.86			490
2021-07-06	33866103	602054	22574	306	101095	1567	103513	1840	68	0.935	309	4.79			491
2021-07-07	33886251	602381	20148	327	105957	1594	103574	1841	61	0.999	323	4.87			492
2021-07-08	33907129	602631	20878	250	111914	1561	103638	1841	63	0.764	342	4.77			493
2021-07-09	33954118	603093	46989	462	129285	1589	103782	1843	143	1.412	395	4.86			494
2021-07-10	33964135	603171	10017	78	134032	1584	103812	1843	30	0.238	409	4.84			495
2021-07-11	33975898	603292	11763	121	141530	1665	103848	1843	35	0.37	432	5.09			496
2021-07-12	34005560	603527	29662	235	162031	1779	103939	1844	90	0.718	495	5.44			497
2021-07-13	34032036	603884	26476	357	165933	1830	104020	1845	80	1.091	507	5.59			498
2021-07-14	34063184	604211	31148	327	176933	1830	104115	1846	95	0.999	540	5.59			499
2021-07-15	34095126	604567	31942	356	187997	1936	104213	1847	97	1.088	574	5.92			500
2021-07-16	34173158	605020	78032	453	219040	1927	104451	1849	238	1.385	669	5.89			501
2021-07-17	34187224	605092	14066	72	223089	1921	104494	1849	42	0.22	681	5.87			502
2021-07-18	34207594	605187	20370	95	231696	1895	104556	1849	62	0.29	708	5.79			503
2021-07-19	34256821	605385	49227	198	251261	1858	104707	1850	150	0.605	767	5.68			504
2021-07-20	34296710	605675	39889	290	264674	1791	104829	1851	121	0.886	808	5.47			505
2021-07-21	34344582	606038	47872	363	281398	1827	104975	1852	146	1.11	860	5.58			506
2021-07-22	34401018	606326	56436	288	305892	1759	105148	1853	172	0.88	934	5.38			507
2021-07-23	34521823	606878	120805	552	348665	1858	105517	1854	369	1.687	1065	5.68			508
2021-07-24	34551172	607014	29349	136	363948	1922	105607	1855	89	0.416	1112	5.87			509
2021-07-25	34579797	607116	28625	102	372203	1929	105694	1855	87	0.312	1137	5.9			510
2021-07-26	34658351	607366	78554	250	401530	1981	105934	1856	240	0.764	1227	6.06			511
2021-07-27	34723422	607824	65071	458	426712	2149	106133	1857	198	1.4	1304	6.57			512
2021-07-28	34797004	608207	73582	383	452422	2169	106358	1859	224	1.171	1382	6.63			513
2021-07-29	34869366	608525	72362	318	468348	2199	106579	1859	221	0.972	1431	6.72			514
2021-07-30	35060547	609410	191181	885	538724	2532	107163	1862	584	2.705	1646	7.74			515
2021-07-31	35105218	609586	44671	176	554046	2572	107300	1863	136	0.538	1693	7.86			516
2021-08-01	35150597	609819	45379	233	570800	2703	107439	1863	138	0.712	1744	8.26			517
2021-08-02	35258118	610162	107521	343	599767	2796	107767	1864	328	1.048	1833	8.55			518
2021-08-03	35356087	610748	97969	586	632665	2924	108067	1866	299	1.791	1933	8.94			519
2021-08-04	35458594	611294	102507	546	661590	3087	108380	1868	313	1.669	2022	9.44			520
2021-08-05	35568184	611820	109590	526	698818	3295	108715	1870	334	1.608	2135	10.07			521
2021-08-06	35820096	612953	251912	1133	759549	3543	109485	1873	769	3.463	2321	10.83			522
2021-08-07	35883977	613219	63881	266	778759	3633	109680	1874	195	0.813	2380	11.1			523
2021-08-08	35919663	613354	35686	135	769066	3535	109789	1874	109	0.413	2350	10.8			524
2021-08-09	36078094	613871	158431	517	819976	3709	110274	1876	484	1.58	2506	11.34			525
2021-08-10	36196287	614703	118193	832	840200	3955	110635	1878	361	2.543	2568	12.09			526
2021-08-11	36350867	615508	154580	805	892273	4214	111107	1881	472	2.461	2727	12.88			527
2021-08-12	36494679	616540	143812	1032	926495	4720	111547	1884	439	3.154	2831	14.43			528
2021-08-13	36721524	617599	226845	1059	901428	4646	112240	1887	693	3.237	2755	14.2			529
2021-08-14	36795698	617869	74174	270	911721	4650	112467	1888	226	0.825	2786	14.21			530
2021-08-15	36843562	618086	47864	217	923899	4732	112613	1889	146	0.663	2823	14.46			531
2021-08-16	37036920	619127	193358	1041	958826	5256	113204	1892	591	3.182	2930	16.07			532
2021-08-17	37188032	620151	151112	1024	991745	5448	113666	1895	461	3.13	3031	16.65			533
2021-08-18	37355382	621355	167350	1204	1004515	5847	114178	1899	511	3.68	3070	17.87			534
2021-08-19	37510661	623142	155279	1787	1015982	6602	114652	1904	474	5.462	3105	20.18			535
2021-08-20	37749795	624604	239134	1462	1028271	7005	115383	1909	730	4.469	3142	21.41			536
2021-08-21	37843298	625181	93503	577	1047600	7312	115669	1910	285	1.764	3202	22.35			537
2021-08-22	37888656	625401	45358	220	1045094	7315	115808	1911	138	0.672	3194	22.36			538
2021-08-23	38094840	626737	206184	1336	1057920	7610	116438	1915	630	4.084	3233	23.26			539
2021-08-24	38250033	628172	155193	1435	1062001	8021	116912	1920	474	4.386	3246	24.52			540
2021-08-25	38429241	629725	179208	1553	1073859	8370	117460	1924	547	4.747	3282	25.58			541
2021-08-26	38613005	631947	183764	2222	1102344	8805	118022	1931	561	6.792	3369	26.91			542
2021-08-27	38851367	633690	238362	1743	1101572	9086	118750	1936	728	5.328	3366	27.77			543
2021-08-28	38931502	634342	80135	652	1088204	9161	118995	1938	244	1.993	3326	28.0			544
2021-08-29	38984677	634668	53175	326	1096021	9267	119158	1939	162	0.996	3350	28.32			545
2021-08-30	39212609	636381	227932	1713	1117769	9644	119854	1945	696	5.236	3416	29.48			546
2021-08-31	39392579	637825	179970	1444	1142546	9653	120404	1949	550	4.414	3492	29.5			547
2021-09-01	39583187	639869	190608	2044	1153946	10144	120987	1955	582	6.248	3527	31.01			548
2021-09-02	39762256	642876	179069	3007	1149251	10929	121534	1964	547	9.191	3512	33.4			549
2021-09-03	39997505	644816	235249	1940	1146138	11126	122253	1970	719	5.93	3503	34.01			550
2021-09-04	40084804	645469	87299	653	1153302	11127	122520	1972	266	1.996	3525	34.01			551
2021-09-05	40149485	645897	64681	428	1164808	11229	122718	1974	197	1.308	3560	34.32			552
2021-09-06	40239476	646505	89991	608	1026867	10124	122993	1976	275	1.858	3138	30.94			553
2021-09-07	40449522	648601	210046	2096	1056943	10776	123635	1982	642	6.407	3230	32.94			554
2021-09-08	40627292	650920	177770	2319	1044105	11051	124178	1989	543	7.088	3191	33.78			555
2021-09-09	40793951	654148	166659	3228	1031695	11272	124688	1999	509	9.867	3153	34.45			556
2021-09-10	41035783	656609	241832	2461	1038278	11793	125427	2006	739	7.522	3173	36.05			557
2021-09-11	41126232	657448	90449	839	1041428	11979	125703	2009	276	2.564	3183	36.61			558
2021-09-12	41175801	657828	49569	380	1026316	11931	125855	2010	151	1.161	3136	36.47			559
2021-09-13	41383527	659985	207726	2157	1144051	13480	126490	2017	634	6.593	3496	41.2			560
2021-09-14	41529065	661913	145538	1928	1079543	13312	126935	2023	444	5.893	3299	40.69			561
2021-09-15	41702484	664652	173419	2739	1075192	13732	127465	2031	530	8.372	3286	41.97			562
2021-09-16	41861090	668145	158606	3493	1067139	13997	127950	2042	484	10.676	3261	42.78			563
2021-09-17	42071800	670599	210710	2454	1036017	13990	128594	2049	644	7.501	3166	42.76			564
2021-09-18	42148054	671609	76254	1010	1021822	14161	128827	2052	233	3.087	3123	43.28			565
2021-09-19	42194057	672013	46003	404	1018256	14185	128967	2054	140	1.235	3112	43.36			566
2021-09-20	42363474	674320	169417	2307	979947	14335	129485	2061	517	7.051	2995	43.82			567
2021-09-21	42485294	676767	121820	2447	956229	14854	129857	2068	372	7.479	2922	45.4			568
2021-09-22	42617026	679458	131732	2691	914542	14806	130260	2076	402	8.225	2795	45.26			569
2021-09-23	42746060	682766	129034	3308	884970	14621	130654	2086	394	10.111	2704	44.69			570
2021-09-24	42920705	685250	174645	2484	848905	14651	131188	2094	533	7.592	2594	44.78			571
2021-09-25	42982555	686107	61850	857	834501	14498	131377	2097	189	2.619	2550	44.31			572
2021-09-26	43038182	686699	55627	592	844125	14686	131547	2098	170	1.809	2580	44.89			573
2021-09-27	43192117	688958	153935	2259	828643	14638	132018	2105	470	6.905	2532	44.74			574
2021-09-28	43305259	691476	113142	2518	819965	14709	132364	2113	345	7.696	2506	44.96			575
2021-09-29	43427259	694116	122000	2640	810233	14658	132737	2121	372	8.069	2476	44.8			576
2021-09-30	43537347	696942	110088	2826	791287	14176	133073	2130	336	8.638	2418	43.33			577
2021-10-01	43692256	699073	154909	2131	771551	13823	133547	2136	473	6.513	2358	42.25			578
2021-10-02	43742010	699923	49754	850	759455	13816	133699	2139	152	2.598	2321	42.23			579
2021-10-03	43788238	700466	46228	543	750056	13767	133840	2141	141	1.66	2292	42.08			580
2021-10-04	43928835	702398	140597	1932	736718	13440	134270	2146	429	5.905	2251	41.08			581
2021-10-05	44024314	704292	95479	1894	719055	12816	134562	2152	291	5.789	2197	39.17			582
2021-10-06	44137167	706952	112853	2660	709908	12836	134906	2160	344	8.13	2169	39.23			583
2021-10-07	44238200	709425	101033	2473	700853	12483	135215	2168	308	7.559	2142	38.15			584
2021-10-08	44368831	711229	130631	1804	676575	12156	135615	2173	399	5.514	2067	37.16			585
2021-10-09	44409147	711681	40316	452	667137	11758	135738	2175	123	1.382	2039	35.94			586
2021-10-10	44450140	712175	40993	494	661902	11709	135863	2176	125	1.51	2023	35.79			587
2021-10-11	44543006	713355	92866	1180	614171	10957	136147	2180	283	3.607	1877	33.49			588
2021-10-12	44653950	715644	110944	2289	629636	11352	136486	2187	339	6.996	1924	34.7			589
2021-10-13	44762361	718833	108411	3189	625194	11881	136817	2197	331	9.747	1910	36.31			590
2021-10-14	44848486	721024	86125	2191	610286	11599	137081	2203	263	6.697	1865	35.45			591
2021-10-15	44957333	722847	108847	1823	588502	11618	137413	2209	332	5.572	1798	35.51			592
2021-10-16	44998682	723443	41349	596	589535	11762	137540	2211	126	1.822	1801	35.95			593
2021-10-17	45031854	723923	33172	480	581714	11748	137641	2212	101	1.467	1778	35.91			594
2021-10-18	45128507	725690	96653	1767	585501	12335	137937	2218	295	5.401	1789	37.7			595
2021-10-19	45211105	727656	82598	1966	557155	12012	138189	2224	252	6.009	1702	36.72			596
2021-10-20	45303424	730845	92319	3189	541063	12012	138471	2233	282	9.747	1653	36.72			597
2021-10-21	45380695	732861	77271	2016	532209	11837	138707	2240	236	6.162	1626	36.18			598
2021-10-22	45476663	734732	95968	1871	519330	11885	139001	2245	293	5.719	1587	36.33			599
2021-10-23	45510938	735306	34275	574	512256	11863	139105	2247	104	1.754	1565	36.26			600
2021-10-24	45531890	735586	20952	280	500036	11663	139169	2248	64	0.856	1528	35.65			601
2021-10-25	45641380	737053	109490	1467	512873	11363	139504	2252	334	4.484	1567	34.73			602
2021-10-26	45709001	738660	67621	1607	497896	11004	139711	2257	206	4.912	1521	33.63			603
2021-10-27	45811533	740721	102532	2061	508109	9876	140024	2264	313	6.3	1553	30.19			604
2021-10-28	45886058	742577	74525	1856	505363	9716	140252	2269	227	5.673	1544	29.7			605
2021-10-29	45980894	744310	94836	1733	504231	9578	140542	2275	289	5.297	1541	29.28			606
2021-10-30	46017151	744710	36257	400	506213	9404	140653	2276	110	1.223	1547	28.74			607
2021-10-31	46051157	744968	34006	258	519267	9382	140757	2277	103	0.789	1587	28.68			608
2021-11-01	46161009	746221	109852	1253	519629	9168	141092	2280	335	3.83	1588	28.02			609
2021-11-02	46231037	747511	70028	1290	522036	8851	141306	2284	214	3.943	1595	27.05			610
2021-11-03	46317803	749500	86766	1989	506270	8779	141572	2290	265	6.079	1547	26.83			611
2021-11-04	46399045	750702	81242	1202	512987	8125	141820	2294	248	3.674	1567	24.83			612
2021-11-05	46496178	752825	97133	2123	515284	8515	142117	2301	296	6.489	1574	26.03			613
2021-11-06	46533440	753331	37262	506	516289	8621	142231	2302	113	1.547	1578	26.35			614
2021-11-07	46572410	753562	38970	231	521253	8594	142350	2303	119	0.706	1593	26.27			615
2021-11-08	46679740	754775	107330	1213	518731	8554	142678	2306	328	3.708	1585	26.15			616
2021-11-09	46759648	756227	79908	1452	528611	8716	142922	2311	244	4.438	1615	26.64			617
2021-11-10	46854892	757923	95244	1696	537089	8423	143213	2316	291	5.184	1641	25.75			618
2021-11-11	46912431	758824	57539	901	513386	8122	143389	2319	175	2.754	1569	24.83			619
2021-11-12	47056561	761276	144130	2452	560383	8451	143830	2326	440	7.495	1712	25.83			620
2021-11-13	47102729	761875	46168	599	569289	8544	143971	2328	141	1.831	1740	26.12			621
2021-11-14	47136600	762105	33871	230	564190	8543	144074	2329	103	0.703	1724	26.11			622
2021-11-15	47267663	763390	131063	1285	587923	8615	144475	2333	400	3.928	1797	26.33			623
2021-11-16	47355647	764712	87984	1322	595999	8485	144744	2337	268	4.041	1821	25.93			624
2021-11-17	47468177	766380	112530	1668	613285	8457	145088	2342	343	5.098	1874	25.85			625
2021-11-18	47576714	767716	108537	1336	664283	8892	145420	2346	331	4.084	2030	27.18			626
2021-11-19	47702981	769485	126267	1769	646420	8209	145806	2351	385	5.407	1975	25.09			627
2021-11-20	47750167	769960	47186	475	647438	8085	145950	2353	144	1.452	1978	24.71			628
2021-11-21	47791662	770208	41495	248	655062	8103	146077	2354	126	0.758	2002	24.77			629
2021-11-22	47932637	771458	140975	1250	664974	8068	146507	2357	430	3.821	2032	24.66			630
2021-11-23	48024275	772818	91638	1360	668628	8106	146788	2362	280	4.157	2043	24.78			631
2021-11-24	48135627	774517	111352	1699	667450	8137	147128	2367	340	5.193	2040	24.87			632
2021-11-25	48172995	775002	37368	485	596281	7286	147242	2368	114	1.482	1822	22.27			633
2021-11-26	48227679	775391	54684	389	524698	5906	147409	2370	167	1.189	1603	18.05			634
2021-11-27	48256074	775729	28395	338	505907	5769	147496	2371	86	1.033	1546	17.63			635
2021-11-28	48301154	776006	45080	277	509492	5798	147634	2371	137	0.847	1557	17.72			636
2021-11-29	48486328	777924	185174	1918	553691	6466	148200	2377	565	5.862	1692	19.76			637
2021-11-30	48603778	779569	117450	1645	579503	6751	148559	2382	358	5.028	1771	20.63			638
2021-12-01	48740721	781572	136943	2003	605094	7055	148977	2388	418	6.122	1849	21.56			639
2021-12-02	48878917	785458	138196	3886	705922	10456	149400	2400	422	11.878	2157	31.96			640
2021-12-03	49036857	787069	157940	1611	809178	11678	149883	2405	482	4.924	2473	35.69			641
2021-12-04	49104774	787768	67917	699	848700	12039	150090	2407	207	2.137	2594	36.8			642
2021-12-05	49161231	788180	56457	412	860077	12174	150263	2409	172	1.259	2628	37.21			643
2021-12-06	49336302	789609	175071	1429	849974	11685	150798	2413	535	4.368	2597	35.72			644
2021-12-07	49448623	791126	112321	1517	844845	11557	151141	2418	343	4.637	2582	35.32			645
2021-12-08	49598033	792949	149410	1823	857312	11377	151598	2423	456	5.572	2620	34.77			646
2021-12-09	49721807	794501	123774	1552	842890	9043	151976	2428	378	4.744	2576	27.64			647
2021-12-10	49879309	796254	157502	1753	842452	9185	152458	2433	481	5.358	2574	28.07			648
2021-12-11	49936932	796878	57623	624	832158	9110	152634	2435	176	1.907	2543	27.85			649
2021-12-12	49990310	797248	53378	370	829079	9068	152797	2436	163	1.131	2534	27.72			650
2021-12-13	50173691	798642	183381	1394	837389	9033	153357	2441	560	4.261	2559	27.61			651
2021-12-14	50286911	800159	113220	1517	838288	9033	153703	2445	346	4.637	2562	27.61			652
2021-12-15	50432625	802395	145714	2236	834592	9446	154149	2452	445	6.834	2550	28.87			653
2021-12-16	50574637	803664	142012	1269	852830	9163	154583	2456	434	3.879	2606	28.01			654
2021-12-17	50767247	805528	192610	1864	887938	9274	155172	2462	588	5.697	2714	28.35			655
2021-12-18	50848793	806207	81546	679	911861	9329	155421	2464	249	2.075	2787	28.51			656
2021-12-19	50939697	806527	90904	320	949387	9279	155699	2465	277	0.978	2901	28.36			657
2021-12-20	51180933	808079	241236	1552	1007242	9437	156436	2469	737	4.744	3078	28.84			658
2021-12-21	51363080	809993	182147	1914	1076169	9834	156993	2475	556	5.85	3289	30.06			659
2021-12-22	51611068	814180	247988	4187	1178443	11785	157751	2488	757	12.798	3601	36.02			660
2021-12-23	51885213	815587	274145	1407	1310576	11923	158589	2492	837	4.301	4005	36.44			661
2021-12-24	52133425	816276	248212	689	1366178	10748	159347	2494	758	2.106	4175	32.85			662
2021-12-25	52221714	816518	88289	242	1372921	10311	159617	2495	269	0.74	4196	31.52			663
2021-12-26	52405635	816888	183921	370	1465938	10361	160179	2496	562	1.131	4480	31.67			664
2021-12-27	52911694	818734	506059	1846	1730761	10655	161726	2502	1546	5.642	5290	32.57			665
2021-12-28	53283797	821025	372103	2291	1920717	11032	162864	2509	1137	7.003	5870	33.72			666
2021-12-29	53795243	823393	511446	2368	2184175	9213	164427	2516	1563	7.238	6676	28.16			667
2021-12-30	54392726	824883	597483	1490	2507513	9296	166253	2521	1826	4.554	7664	28.41			668
2021-12-31	54904659	825614	511933	731	2771234	9338	167818	2523	1564	2.234	8470	28.54			669
2022-01-01	55096794	826015	192135	401	2875080	9497	168405	2524	587	1.226	8787	29.03			670
2022-01-02	55393128	826421	296334	406	2987493	9533	169311	2525	905	1.241	9131	29.14			671
2022-01-03	56436413	828325	1043285	1904	3524719	9591	172500	2531	3188	5.82	10773	29.32			672
2022-01-04	57264557	830656	828144	2331	3980760	9631	175031	2538	2531	7.125	12167	29.44			673
2022-01-05	57940782	832888	676225	2232	4145539	9495	177098	2545	2066	6.822	12671	29.02			674
2022-01-06	58784339	834983	843557	2095	4391613	10100	179676	2552	2578	6.403	13423	30.87			675
2022-01-07	59663921	837422	879582	2439	4759262	11808	182365	2559	2688	7.455	14546	36.09			676
2022-01-08	60071690	838293	407769	871	4974896	12278	183611	2562	1246	2.662	15205	37.53			677
2022-01-09	60565015	838912	493325	619	5171887	12491	185119	2564	1507	1.892	15808	38.18			678
2022-01-10	61920249	840966	1355234	2054	5483836	12641	189261	2570	4142	6.278	16761	38.64			679
2022-01-11	62705498	843488	785249	2522	5440941	12832	191661	2578	2400	7.709	16630	39.22			680
2022-01-12	63559963	846337	854465	2849	5619181	13449	194273	2586	2611	8.708	17175	41.11			681
2022-01-13	64424119	848897	864156	2560	5639780	13914	196914	2594	2641	7.825	17238	42.53			682
2022-01-14	65303843	851693	879724	2796	5639922	14271	199603	2603	2688	8.546	17238	43.62			683
2022-01-15	65719952	852701	416109	1008	5648262	14408	200875	2606	1271	3.081	17264	44.04			684
2022-01-16	66206057	853463	486105	762	5641042	14551	202361	2608	1485	2.329	17242	44.48			685
2022-01-17	66865420	854499	659363	1036	4945171	13533	204376	2611	2015	3.167	15115	41.36			686
2022-01-18	67998183	857239	1132763	2740	5292685	13751	207839	2620	3462	8.375	16177	42.03			687
2022-01-19	68909082	860719	910899	3480	5349119	14382	210623	2630	2784	10.637	16349	43.96			688
2022-01-20	69638310	863650	729228	2931	5214191	14753	212852	2639	2228	8.959	15937	45.09			689
2022-01-21	70465382	867040	827072	3390	5161539	15347	215380	2650	2527	10.362	15776	46.91			690
2022-01-22	70773486	868070	308104	1030	5053534	15369	216321	2653	941	3.148	15446	46.98			691
2022-01-23	71143552	868807	370066	737	4937495	15344	217453	2655	1131	2.253	15091	46.9			692
2022-01-24	72054139	870987	910587	2180	5188719	16488	220236	2662	2783	6.663	15859	50.4			693
2022-01-25	72546533	874143	492394	3156	4548350	16904	221741	2671	1505	9.646	13902	51.67			694
2022-01-26	73224113	878010	677580	3867	4315031	17291	223812	2683	2071	11.82	13189	52.85			695
2022-01-27	73727057	880631	502944	2621	4088747	16981	225349	2691	1537	8.011	12497	51.9			696
2022-01-28	74340167	884722	613110	4091	3874785	17682	227223	2704	1873	12.504	11843	54.05			697
2022-01-29	74521798	885932	181631	1210	3748312	17862	227778	2707	555	3.698	11456	54.6			698
2022-01-30	74722284	886417	200486	485	3578732	17610	228391	2709	612	1.482	10938	53.83			699
2022-01-31	75258861	889024	536577	2607	3204722	18037	230031	2717	1640	7.968	9795	55.13			700
2022-02-01	75585145	892381	326284	3357	3038612	18238	231028	2727	997	10.261	9287	55.75			701
2022-02-02	75912891	895969	327746	3588	2688778	17959	232030	2738	1001	10.967	8218	54.89			702
2022-02-03	76186182	898452	273291	2483	2459125	17821	232866	2746	835	7.589	7516	54.47			703
2022-02-04	76541240	902574	355058	4122	2201073	17852	233951	2758	1085	12.599	6727	54.57			704
2022-02-05	76629173	903499	87933	925	2107375	17567	234220	2761	268	2.827	6441	53.69			705
2022-02-06	76713933	903965	84760	466	1991649	17548	234479	2763	259	1.424	6087	53.64			706
2022-02-07	77057344	906854	343411	2889	1798483	17830	235528	2771	1049	8.83	5497	54.5			707
2022-02-08	77271116	909855	213772	3001	1685971	17474	236182	2781	653	9.173	5153	53.41			708
2022-02-09	77458590	913191	187474	3336	1545699	17222	236755	2791	573	10.197	4724	52.64			709
2022-02-10	77628954	916442	170364	3251	1442772	17990	237275	2801	520	9.937	4409	54.99			710
2022-02-11	77837419	919145	208465	2703	1296179	16571	237913	2809	637	8.262	3961	50.65			711
2022-02-12	77890055	919967	52636	822	1260882	16468	238073	2811	160	2.512	3853	50.34			712
2022-02-13	77949125	920549	59070	582	1235192	16584	238254	2813	180	1.779	3775	50.69			713
2022-02-14	78116729	923731	167604	3182	1059385	16877	238766	2823	512	9.726	3238	51.59			714
2022-02-15	78227219	926338	110490	2607	956103	16483	239104	2831	337	7.968	2922	50.38			715
2022-02-16	78341146	929521	113927	3183	882556	16330	239452	2841	348	9.729	2697	49.91			716
2022-02-17	78441850	932473	100704	2952	812896	16031	239760	2850	307	9.023	2484	49.0			717
2022-02-18	78585843	934976	143993	2503	748424	15831	240200	2857	440	7.651	2287	48.39			718
2022-02-19	78617822	935662	31979	686	727767	15695	240298	2859	97	2.097	2224	47.97			719
2022-02-20	78641328	936108	23506	446	692203	15559	240370	2861	71	1.363	2115	47.56			720
2022-02-21	78721210	937024	79882	916	604481	13293	240614	2864	244	2.8	1847	40.63			721
2022-02-22	78810390	939197	89180	2173	583171	12859	240887	2870	272	6.642	1782	39.3			722
2022-02-23	78894522	942289	84132	3092	553376	12768	241144	2880	257	9.451	1691	39.03			723
2022-02-24	78960992	945244	66470	2955	519142	12771	241347	2889	203	9.032	1586	39.04			724
2022-02-25	79034682	947325	73690	2081	448839	12349	241572	2895	225	6.361	1371	37.75			725
2022-02-26	79082401	948087	47719	762	464579	12425	241718	2897	145	2.329	1420	37.98			726
2022-02-27	79100916	948312	18515	225	459588	12204	241775	2898	56	0.688	1404	37.3			727
2022-02-28	79197816	950454	96900	2142	476606	13430	242071	2905	296	6.547	1456	41.05			728
2022-03-01	79244222	952222	46406	1768	433832	13025	242213	2910	141	5.404	1326	39.81			729
2022-03-02	79297298	954314	53076	2092	402776	12025	242375	2916	162	6.394	1231	36.75			730
2022-03-03	79345754	956022	48456	1708	384762	10778	242523	2922	148	5.221	1176	32.94			731
2022-03-04	79396456	957760	50702	1738	361774	10435	242678	2927	154	5.312	1105	31.89			732
2022-03-05	79411662	958069	15206	309	329261	9982	242724	2928	46	0.944	1006	30.51			733
2022-03-06	79424266	958283	12604	214	323350	9971	242763	2929	38	0.654	988	30.48			734
2022-03-07	79485802	959981	61536	1698	287986	9527	242951	2934	188	5.19	880	29.12			735
2022-03-08	79515262	961400	29460	1419	271040	9178	243041	2938	90	4.337	828	28.05			736
2022-03-09	79552295	963424	37033	2024	254997	9110	243154	2944	113	6.186	779	27.85			737
2022-03-10	79598066	965196	45771	1772	252312	9174	243294	2950	139	5.416	771	28.04			738
2022-03-11	79646921	966856	48855	1660	250465	9096	243443	2955	149	5.074	765	27.8			739
2022-03-12	79657389	967135	10468	279	245727	9066	243475	2956	31	0.853	751	27.71			740
2022-03-13	79668668	967328	11279	193	244402	9045	243510	2956	34	0.59	747	27.65			741
2022-03-14	79703202	968640	34534	1312	217400	8659	243615	2960	105	4.01	664	26.47			742
2022-03-15	79726707	969722	23505	1082	211445	8322	243687	2963	71	3.307	646	25.44			743
2022-03-16	79777961	971571	51254	1849	225666	8147	243844	2969	156	5.652	689	24.9			744
2022-03-17	79829987	973068	52026	1497	231921	7872	244003	2974	159	4.576	708	24.06			745
2022-03-18	79861708	973884	31721	816	214787	7028	244100	2976	96	2.494	656	21.48			746
2022-03-19	79872810	974169	11102	285	215421	7034	244134	2977	33	0.871	658	21.5			747
2022-03-20	79884464	974257	11654	88	215796	6929	244169	2977	35	0.269	659	21.18			748
2022-03-21	79925935	975541	41471	1284	222733	6901	244296	2981	126	3.925	680	21.09			749
2022-03-22	79947162	976316	21227	775	220455	6594	244361	2984	64	2.369	673	20.15			750
2022-03-23	79987092	977957	39930	1641	209131	6386	244483	2989	122	5.016	639	19.52			751
2022-03-24	80029193	978823	42101	866	199206	5755	244612	2991	128	2.647	608	17.59			752
2022-03-25	80073635	979443	44442	620	211927	5559	244748	2993	135	1.895	647	16.99			753
2022-03-26	80083321	979594	9686	151	210511	5425	244777	2994	29	0.462	643	16.58			754
2022-03-27	80095341	979655	12020	61	210877	5398	244814	2994	36	0.186	644	16.5			755
2022-03-28	80133049	980674	37708	1019	207114	5133	244929	2997	115	3.115	633	15.69			756
2022-03-29	80156291	981662	23242	988	209129	5346	245000	3000	71	3.02	639	16.34			757
2022-03-30	80194428	982831	38137	1169	207336	4874	245117	3004	116	3.573	633	14.9			758
2022-03-31	80238922	983349	44494	518	209729	4526	245253	3005	135	1.583	641	13.83			759
2022-04-01	80270079	984179	31157	830	196444	4736	245348	3008	95	2.537	600	14.48			760
2022-04-02	80282106	984337	12027	158	198785	4743	245385	3008	36	0.483	607	14.5			761
2022-04-03	80287094	984397	4988	60	191753	4742	245400	3008	15	0.183	586	14.49			762
2022-04-04	80325219	984991	38125	594	192170	4317	245517	3010	116	1.816	587	13.2			763
2022-04-05	80350191	985503	24972	512	193900	3841	245593	3012	76	1.565	592	11.74			764
2022-04-06	80390116	986631	39925	1128	195688	3800	245715	3015	122	3.448	598	11.61			765
2022-04-07	80439796	987466	49680	835	200874	4117	245867	3018	151	2.552	613	12.58			766
2022-04-08	80512986	988106	73190	640	242907	3927	246091	3020	223	1.956	742	12.0			767
2022-04-09	80526041	988251	13055	145	243935	3914	246130	3020	39	0.443	745	11.96			768
2022-04-10	80535856	988281	9815	30	248762	3884	246160	3020	30	0.092	760	11.87			769
2022-04-11	80573983	988616	38127	335	248764	3625	246277	3021	116	1.024	760	11.08			770
2022-04-12	80609210	989210	35227	594	259019	3707	246385	3023	107	1.816	791	11.33			771
2022-04-13	80665287	990161	56077	951	275171	3530	246556	3026	171	2.907	841	10.79			772
2022-04-14	80713145	990887	47858	726	273349	3421	246702	3028	146	2.219	835	10.46			773
2022-04-15	80747339	991327	34194	440	234353	3221	246807	3030	104	1.345	716	9.85			774
2022-04-16	80760145	991381	12806	54	234104	3130	246846	3030	39	0.165	715	9.57			775
2022-04-17	80768067	991392	7922	11	232211	3111	246870	3030	24	0.034	709	9.51			776
2022-04-18	80827642	991649	59575	257	253659	3033	247052	3031	182	0.786	775	9.27			777
2022-04-19	80866135	992089	38493	440	256925	2879	247170	3032	117	1.345	785	8.8			778
2022-04-20	80933938	992995	67803	906	268651	2834	247377	3035	207	2.769	821	8.66			779
2022-04-21	80994408	993396	60470	401	281263	2509	247562	3036	184	1.226	859	7.67			780
2022-04-22	81083231	993920	88823	524	335892	2593	247834	3037	271	1.602	1026	7.93			781
2022-04-23	81103509	993974	20278	54	343364	2593	247896	3038	61	0.165	1049	7.93			782
2022-04-24	81117481	994006	13972	32	349414	2614	247938	3038	42	0.098	1067	7.99			783
2022-04-25	81185754	994273	68273	267	358112	2624	248147	3039	208	0.816	1094	8.02			784
2022-04-26	81230910	994593	45156	320	364775	2504	248285	3040	138	0.978	1114	7.65			785
2022-04-27	81320738	995397	89828	804	386800	2402	248560	3042	274	2.457	1182	7.34			786
2022-04-28	81397862	995809	77124	412	403454	2413	248795	3043	235	1.259	1233	7.38			787
2022-04-29	81459113	996232	61251	423	375882	2312	248982	3045	187	1.293	1148	7.07			788
2022-04-30	81483758	996347	24645	115	380249	2373	249058	3045	75	0.352	1162	7.25			789
2022-05-01	81501112	996370	17354	23	383631	2364	249111	3045	53	0.07	1172	7.23			790
2022-05-02	81595015	996665	93903	295	409261	2392	249398	3046	287	0.902	1250	7.31			791
2022-05-03	81644942	997114	49927	449	414032	2521	249550	3047	152	1.372	1265	7.71			792
2022-05-04	81757300	999066	112358	1952	436562	3669	249894	3053	343	5.966	1334	11.21			793
2022-05-05	81845630	999366	88330	300	447768	3557	250164	3054	269	0.917	1368	10.87			794
2022-05-06	81974693	999747	129063	381	515580	3515	250558	3055	394	1.165	1575	10.74			795
2022-05-07	82003380	999935	28687	188	519622	3588	250646	3056	87	0.575	1588	10.97			796
2022-05-08	82009978	999965	6598	30	508866	3595	250666	3056	20	0.092	1555	10.99			797
2022-05-09	82139195	1000220	129217	255	544180	3555	251061	3057	394	0.779	1663	10.87			798
2022-05-10	82209917	1000547	70722	327	564975	3433	251277	3058	216	0.999	1726	10.49			799
2022-05-11	82370958	1001231	161041	684	613658	2165	251770	3060	492	2.091	1875	6.62			800
2022-05-12	82476428	1001533	105470	302	630798	2167	252092	3061	322	0.923	1928	6.62			801
2022-05-13	82563691	1001740	87263	207	588998	1993	252359	3061	266	0.633	1800	6.09			802
2022-05-14	82581812	1001800	18121	60	578432	1865	252414	3062	55	0.183	1768	5.7			803
2022-05-15	82614933	1001837	33121	37	604955	1872	252515	3062	101	0.113	1849	5.72			804
2022-05-16	82791899	1002084	176966	247	652704	1864	253056	3062	540	0.755	1995	5.7			805
2022-05-17	82877371	1002481	85472	397	667454	1934	253317	3064	261	1.213	2040	5.91			806
2022-05-18	83081253	1003452	203882	971	710295	2221	253941	3067	623	2.968	2171	6.79			807
2022-05-19	83216727	1003787	135474	335	740299	2254	254355	3068	414	1.024	2262	6.89			808
2022-05-20	83365512	1004205	148785	418	801821	2465	254809	3069	454	1.278	2450	7.53			809
2022-05-21	83393615	1004281	28103	76	811803	2481	254895	3069	85	0.232	2481	7.58			810
2022-05-22	83406978	1004328	13363	47	792045	2491	254936	3069	40	0.144	2420	7.61			811
2022-05-23	83556026	1004573	149048	245	764127	2489	255392	3070	455	0.749	2335	7.61			812
2022-05-24	83639894	1004916	83868	343	762523	2435	255648	3071	256	1.048	2330	7.44			813
2022-05-25	83850654	1006003	210760	1087	769401	2551	256292	3074	644	3.322	2351	7.8			814
2022-05-26	83985970	1006359	135316	356	769243	2572	256706	3075	413	1.088	2351	7.86			815
2022-05-27	84093971	1006891	108001	532	728459	2686	257036	3077	330	1.626	2226	8.21			816
2022-05-28	84108169	1006930	14198	39	714554	2649	257079	3077	43	0.119	2184	8.1			817
2022-05-29	84115228	1006947	7059	17	708250	2619	257101	3077	21	0.052	2164	8.01			818
2022-05-30	84177688	1006989	62460	42	621662	2416	257292	3077	190	0.128	1900	7.38			819
2022-05-31	84345023	1007356	167335	367	705129	2440	257803	3079	511	1.122	2155	7.46			820
2022-06-01	84573981	1008033	228958	677	723327	2030	258503	3081	699	2.069	2210	6.2			821
2022-06-02	84696108	1008360	122127	327	710138	2001	258876	3082	373	0.999	2170	6.12			822
2022-06-03	84853100	1008760	156992	400	759129	1869	259356	3083	479	1.223	2320	5.71			823
2022-06-04	84881156	1008916	28056	156	772987	1986	259442	3083	85	0.477	2362	6.07			824
2022-06-05	84897439	1008950	16283	34	782211	2003	259492	3083	49	0.104	2390	6.12			825
2022-06-06	85057181	1009234	159742	284	879493	2245	259980	3084	488	0.868	2688	6.86			826
2022-06-07	85144061	1009709	86880	475	799038	2353	260246	3086	265	1.452	2442	7.19			827
2022-06-08	85342980	1010907	198919	1198	768999	2874	260854	3089	608	3.662	2350	8.78			828
2022-06-09	85474606	1011204	131626	297	778498	2844	261256	3090	402	0.908	2379	8.69			829
2022-06-10	85580818	1011571	106212	367	727718	2811	261581	3091	324	1.122	2224	8.59			830
2022-06-11	85616053	1011680	35235	109	734897	2764	261688	3092	107	0.333	2246	8.45			831
2022-06-12	85633815	1011709	17762	29	736376	2759	261743	3092	54	0.089	2250	8.43			832
2022-06-13	85785573	1012000	151758	291	728392	2766	262206	3093	463	0.889	2226	8.45			833
2022-06-14	85875766	1012364	90193	364	731705	2655	262482	3094	275	1.113	2236	8.12			834
2022-06-15	86060930	1013072	185164	708	717950	2165	263048	3096	565	2.164	2194	6.62			835
2022-06-16	86190668	1013515	129738	443	716062	2311	263445	3097	396	1.354	2188	7.06			836
2022-06-17	86329512	1013834	138844	319	748694	2263	263869	3098	424	0.975	2288	6.92			837
2022-06-18	86347198	1013875	17686	41	731145	2195	263923	3098	54	0.125	2234	6.71			838
2022-06-19	86365261	1013929	18063	54	731446	2220	263978	3099	55	0.165	2235	6.79			839
2022-06-20	86461274	1014024	96013	95	675701	2024	264272	3099	293	0.29	2065	6.19			840
2022-06-21	86572654	1014480	111380	456	696888	2116	264612	3100	340	1.394	2130	6.47			841
2022-06-22	86758321	1015335	185667	855	697391	2263	265180	3103	567	2.613	2131	6.92			842
2022-06-23	86896719	1015716	138398	381	706051	2201	265603	3104	423	1.165	2158	6.73			843
2022-06-24	87013885	1016162	117166	446	684373	2328	265961	3105	358	1.363	2091	7.12			844
2022-06-25	87054792	1016311	40907	149	707594	2436	266086	3106	125	0.455	2162	7.45			845
2022-06-26	87077069	1016333	22277	22	711808	2404	266154	3106	68	0.067	2175	7.35			846
2022-06-27	87237308	1016632	160239	299	776034	2608	266644	3107	489	0.914	2371	7.97			847
2022-06-28	87335204	1017208	97896	576	762550	2728	266943	3109	299	1.761	2330	8.34			848
2022-06-29	87525476	1017935	190272	727	767155	2600	267525	3111	581	2.222	2344	7.95			849
2022-06-30	87692906	1017660	167430	0	796187	1944	268036	3110	511	0.0	2433	5.94			850
2022-07-01	87849759	1018162	156853	502	835874	2000	268516	3112	479	1.534	2554	6.11			851
2022-07-02	87870105	1018207	20346	45	815313	1896	268578	3112	62	0.138	2492	5.8			852
2022-07-03	87878549	1018214	8444	7	801480	1881	268604	3112	25	0.021	2449	5.75			853
2022-07-04	87954831	1018293	76282	79	717523	1661	268837	3112	233	0.241	2193	5.08			854
2022-07-05	88096732	1018755	141901	462	761528	1547	269271	3113	433	1.412	2327	4.73			855
2022-07-06	88297466	1019523	200734	768	771990	1588	269884	3116	613	2.347	2359	4.85			856
2022-07-07	88436304	1020596	138838	1073	743398	2936	270309	3119	424	3.28	2272	8.97			857
2022-07-08	88574031	1021127	137727	531	724272	2965	270729	3121	420	1.623	2213	9.06			858
2022-07-09	88603020	1021176	28989	49	732915	2969	270818	3121	88	0.15	2240	9.07			859
2022-07-10	88627553	1021207	24533	31	749004	2993	270893	3121	74	0.095	2289	9.15			860
2022-07-11	88828839	1021677	201286	470	874008	3384	271508	3122	615	1.437	2671	10.34			861
2022-07-12	88977075	1022243	148236	566	880343	3488	271961	3124	453	1.73	2690	10.66			862
2022-07-13	89181748	1023219	204673	976	884282	3696	272587	3127	625	2.983	2702	11.3			863
2022-07-14	89356906	1023593	175158	374	920602	2997	273122	3128	535	1.143	2813	9.16			864
2022-07-15	89510089	1024103	153183	510	936058	2976	273591	3130	468	1.559	2861	9.1			865
2022-07-16	89549287	1024156	39198	53	946267	2980	273710	3130	119	0.162	2892	9.11			866
2022-07-17	89578898	1024210	29611	54	951345	3003	273801	3130	90	0.165	2907	9.18			867
2022-07-18	89744173	1024651	165275	441	915334	2974	274306	3131	505	1.348	2797	9.09			868
2022-07-19	89861456	1025283	117283	632	884381	3040	274665	3133	358	1.932	2703	9.29			869
2022-07-20	90078208	1026185	216752	902	896460	2966	275327	3136	662	2.757	2740	9.07			870
2022-07-21	90253660	1026682	175452	497	896754	3089	275863	3138	536	1.519	2740	9.44			871
2022-07-22	90385051	1027263	131391	581	874962	3160	276265	3139	401	1.776	2674	9.66			872
2022-07-23	90411385	1027334	26334	71	862098	3178	276345	3140	80	0.217	2635	9.71			873
2022-07-24	90434633	1027366	23248	32	855735	3156	276416	3140	71	0.098	2615	9.65			874
2022-07-25	90624589	1027792	189956	426	880416	3141	276997	3141	580	1.302	2691	9.6			875
2022-07-26	90756798	1028342	132209	550	895342	3059	277401	3143	404	1.681	2736	9.35			876
2022-07-27	90996926	1029297	240128	955	918718	3112	278135	3146	733	2.919	2808	9.51			877
2022-07-28	91173973	1029699	177047	402	920313	3017	278676	3147	541	1.229	2812	9.22			878
2022-07-29	91333216	1030324	159243	625	948165	3061	279163	3149	486	1.91	2898	9.36			879
2022-07-30	91349232	1030355	16016	31	937847	3021	279212	3149	48	0.095	2866	9.23			880
2022-07-31	91362230	1030368	12998	13	927597	3002	279252	3149	39	0.04	2835	9.18			881
2022-08-01	91532399	1030942	170169	574	907810	3150	279772	3151	520	1.754	2774	9.63			882
2022-08-02	91623370	1031452	90971	510	866572	3110	280050	3152	278	1.559	2648	9.51			883
2022-08-03	91824083	1032548	200713	1096	827157	3251	280663	3156	613	3.35	2528	9.94			884
2022-08-04	92011209	1033170	187126	622	837236	3471	281235	3157	571	1.901	2559	10.61			885
2022-08-05	92117233	1033887	106024	717	784017	3563	281559	3160	324	2.192	2396	10.89			886
2022-08-06	92132210	1033928	14977	41	782978	3573	281605	3160	45	0.125	2393	10.92			887
2022-08-07	92144815	1033960	12605	32	782585	3592	281644	3160	38	0.098	2392	10.98			888
2022-08-08	92300486	1034461	155671	501	768087	3519	282120	3161	475	1.531	2347	10.76			889
2022-08-09	92400297	1035107	99811	646	776927	3655	282425	3163	305	1.975	2374	11.17			890
2022-08-10	92596819	1036053	196522	946	772736	3505	283025	3166	600	2.891	2361	10.71			891
2022-08-11	92759530	1036609	162711	556	748321	3439	283523	3168	497	1.699	2287	10.51			892
2022-08-12	92856266	1037266	96736	657	739033	3379	283818	3170	295	2.008	2258	10.33			893
2022-08-13	92939932	1037312	83666	46	807722	3384	284074	3170	255	0.141	2468	10.34			894
2022-08-14	92949676	1037329	9744	17	804861	3369	284104	3170	29	0.052	2460	10.3			895
2022-08-15	93072819	1037800	123143	471	772333	3339	284480	3172	376	1.44	2360	10.21			896
2022-08-16	93164697	1038311	91878	511	764400	3204	284761	3173	280	1.562	2336	9.79			897
2022-08-17	93301720	1039420	137023	1109	704901	3367	285180	3177	418	3.39	2154	10.29			898
2022-08-18	93450723	1040028	149003	608	691193	3419	285635	3178	455	1.858	2112	10.45			899
2022-08-19	93528359	1040619	77636	591	672093	3353	285873	3180	237	1.806	2054	10.25			900
2022-08-20	93539415	1040665	11056	46	599483	3353	285906	3180	33	0.141	1832	10.25			901
2022-08-21	93549202	1041453	9787	788	599526	4124	285936	3183	29	2.409	1832	12.61			902
2022-08-22	93678396	1041203	129194	0	605577	3403	286331	3182	394	0.0	1850	10.4			903
2022-08-23	93777737	1041820	99341	617	613040	3509	286635	3184	303	1.886	1873	10.73			904
2022-08-24	93929605	1042785	151868	965	627885	3365	287099	3187	464	2.95	1919	10.29			905
2022-08-25	94069134	1043400	139529	615	618411	3372	287525	3189	426	1.88	1890	10.31			906
2022-08-26	94189820	1044104	120686	704	661461	3485	287894	3191	368	2.152	2021	10.65			907
2022-08-27	94201581	1044142	11761	38	662166	3477	287930	3191	35	0.116	2023	10.63			908
2022-08-28	94210011	1044160	8430	18	660809	2707	287956	3191	25	0.055	2019	8.27			909
2022-08-29	94316229	1044642	106218	482	637833	3439	288281	3192	324	1.473	1949	10.51			910
2022-08-30	94392000	1045046	75771	404	614263	3226	288512	3194	231	1.235	1877	9.86			911
2022-08-31	94546517	1046572	154517	1526	616912	3787	288985	3198	472	4.664	1885	11.58			912
2022-09-01	94677136	1047253	130619	681	608002	3853	289384	3200	399	2.082	1858	11.78			913
2022-09-02	94741817	1047733	64681	480	551997	3629	289582	3202	197	1.467	1687	11.09			914
2022-09-03	94753205	1047771	11388	38	551624	3629	289616	3202	34	0.116	1686	11.09			915
2022-09-04	94760625	1047785	7420	14	550614	3625	289639	3202	22	0.043	1682	11.08			916
2022-09-05	94794224	1047874	33599	89	477995	3232	289742	3202	102	0.272	1461	9.88			917
2022-09-06	94906920	1048480	112696	606	514920	3434	290086	3204	344	1.852	1573	10.5			918
2022-09-07	95030959	1049283	124039	803	484442	2711	290465	3207	379	2.454	1480	8.29			919
2022-09-08	95138077	1049971	107118	688	460941	2718	290793	3209	327	2.103	1408	8.31			920
2022-09-09	95238892	1050518	100815	547	497075	2785	291101	3210	308	1.672	1519	8.51			921
2022-09-10	95249008	1050556	10116	38	495803	2785	291132	3211	30	0.116	1515	8.51			922
2022-09-11	95257991	1050577	8983	21	497366	2792	291159	3211	27	0.064	1520	8.53			923
2022-09-12	95327519	1051038	69528	461	533295	3164	291372	3212	212	1.409	1630	9.67			924
2022-09-13	95407245	1051558	79726	520	500325	3078	291615	3214	243	1.589	1529	9.41			925
2022-09-14	95510905	1052532	103660	974	479946	3249	291932	3217	316	2.977	1466	9.93			926
2022-09-15	95594269	1053203	83364	671	456192	3232	292187	3219	254	2.051	1394	9.88			927
2022-09-16	95650510	1053635	56241	432	411618	3117	292359	3220	171	1.32	1258	9.53			928
2022-09-17	95659046	1053669	8536	34	410038	3113	292385	3220	26	0.104	1253	9.52			929
2022-09-18	95664507	1053691	5461	22	406516	3114	292402	3220	16	0.067	1242	9.52			930
2022-09-19	95720306	1054090	55799	399	392787	3052	292572	3221	170	1.22	1200	9.33			931
2022-09-20	95789599	1054529	69293	439	382354	2971	292784	3223	211	1.342	1168	9.08			932
2022-09-21	95888037	1055522	98438	993	377132	2990	293085	3226	300	3.035	1152	9.14			933
2022-09-22	95969028	1056185	80991	663	374759	2982	293333	3228	247	2.026	1145	9.11			934
2022-09-23	96052326	1056612	83298	427	401816	2977	293587	3229	254	1.305	1228	9.1			935
2022-09-24	96062053	1056664	9727	52	403007	2995	293617	3229	29	0.159	1231	9.15			936
2022-09-25	96068767	1056682	6714	18	404260	2991	293637	3229	20	0.055	1235	9.14			937
2022-09-26	96114363	1057054	45596	372	394057	2964	293777	3230	139	1.137	1204	9.06			938
2022-09-27	96175378	1057502	61015	448	385779	2973	293963	3232	186	1.369	1179	9.09			939
2022-09-28	96262219	1058807	86841	1305	374182	3285	294229	3236	265	3.989	1143	10.04			940
2022-09-29	96346593	1059500	84374	693	377565	3315	294487	3238	257	2.118	1154	10.13			941
2022-09-30	96380006	1059819	33413	319	327680	3207	294589	3239	102	0.975	1001	9.8			942
2022-10-01	96387909	1059854	7903	35	325856	3190	294613	3239	24	0.107	995	9.75			943
2022-10-02	96393680	1059871	5771	17	324913	3189	294631	3239	17	0.052	993	9.75			944
2022-10-03	96434985	1060164	41305	293	320622	3110	294757	3240	126	0.896	979	9.51			945
2022-10-04	96490198	1060668	55213	504	314820	3166	294926	3241	168	1.54	962	9.68			946
2022-10-05	96561459	1061735	71261	1067	299240	2928	295143	3245	217	3.261	914	8.95			947
2022-10-06	96622222	1062320	60763	585	275629	2820	295329	3247	185	1.788	842	8.62			948
2022-10-07	96680431	1062720	58209	400	300425	2901	295507	3248	177	1.223	918	8.87			949
2022-10-08	96688162	1062771	7731	51	300253	2917	295531	3248	23	0.156	917	8.92			950
2022-10-09	96693683	1062782	5521	11	300003	2911	295548	3248	16	0.034	916	8.9			951
2022-10-10	96716635	1062919	22952	137	281650	2755	295618	3248	70	0.419	860	8.42			952
2022-10-11	96777339	1063528	60704	609	287141	2860	295803	3250	185	1.861	877	8.74			953
2022-10-12	96841971	1064298	64632	770	280512	2563	296001	3253	197	2.354	857	7.83			954
2022-10-13	96905343	1064960	63372	662	283121	2640	296194	3255	193	2.023	865	8.07			955
2022-10-14	96932270	1065223	26927	263	251839	2503	296277	3255	82	0.804	769	7.65			956
2022-10-15	96938260	1065265	5990	42	250098	2494	296295	3256	18	0.128	764	7.62			957
2022-10-16	96944952	1065276	6692	11	251269	2494	296316	3256	20	0.034	768	7.62			958
2022-10-17	96983751	1065612	38799	336	267116	2693	296434	3257	118	1.027	816	8.23			959
2022-10-18	97027280	1066049	43529	437	249941	2521	296567	3258	133	1.336	763	7.71			960
2022-10-19	97088639	1066806	61359	757	246668	2508	296755	3260	187	2.314	753	7.67			961
2022-10-20	97145805	1067364	57166	558	240462	2404	296929	3262	174	1.706	734	7.35			962
2022-10-21	97191764	1067945	45959	581	259494	2722	297070	3264	140	1.776	793	8.32			963
2022-10-22	97197148	1067968	5384	23	258888	2703	297086	3264	16	0.07	791	8.26			964
2022-10-23	97205665	1067980	8517	12	260713	2704	297112	3264	26	0.037	796	8.26			965
2022-10-24	97244862	1068190	39197	210	261111	2578	297232	3264	119	0.642	798	7.88			966
2022-10-25	97288494	1068625	43632	435	261214	2576	297366	3266	133	1.33	798	7.87			967
2022-10-26	97359975	1069762	71481	1137	271336	2956	297584	3269	218	3.475	829	9.04			968
2022-10-27	97419058	1070317	59083	555	273253	2953	297765	3271	180	1.696	835	9.03			969
2022-10-28	97449253	1070509	30195	192	257489	2564	297857	3272	92	0.587	787	7.84			970
2022-10-29	97458253	1070544	9000	35	261105	2576	297884	3272	27	0.107	798	7.87			971
2022-10-30	97461538	1070553	3285	9	255873	2573	297894	3272	10	0.028	782	7.86			972
2022-10-31	97506267	1070685	44729	132	261405	2495	298031	3272	136	0.403	798	7.63			973
2022-11-01	97555014	1071130	48747	445	266520	2505	298180	3273	148	1.36	814	7.66			974
2022-11-02	97628918	1071901	73904	771	268943	2139	298406	3276	225	2.357	822	6.54			975
2022-11-03	97699387	1072496	70469	595	280329	2179	298621	3278	215	1.819	856	6.66			976
2022-11-04	97737841	1072851	38454	355	288588	2342	298739	3279	117	1.085	882	7.16			977
2022-11-05	97742959	1072883	5118	32	284706	2339	298755	3279	15	0.098	870	7.15			978
2022-11-06	97750904	1072901	7945	18	289366	2348	298779	3279	24	0.055	884	7.18			979
2022-11-07	97791238	1073035	40334	134	284971	2350	298902	3279	123	0.41	871	7.18			980
2022-11-08	97822406	1073255	31168	220	267392	2125	298997	3280	95	0.672	817	6.5			981
2022-11-09	97919582	1074225	97176	970	290664	2324	299295	3283	297	2.965	888	7.1			982
2022-11-10	97985546	1074752	65964	527	286159	2256	299496	3285	201	1.611	874	6.9			983
2022-11-11	97998491	1074808	12945	56	260650	1957	299536	3285	39	0.171	796	5.98			984
2022-11-12	98003567	1074812	5076	4	260608	1929	299551	3285	15	0.012	796	5.9			985
2022-11-13	98005989	1074825	2422	13	255085	1924	299559	3285	7	0.04	779	5.88			986
2022-11-14	98056003	1075077	50014	252	264765	2042	299711	3286	152	0.77	809	6.24			987
2022-11-15	98115519	1075479	59516	402	293113	2224	299893	3287	181	1.229	895	6.8			988
2022-11-16	98199900	1076346	84381	867	280318	2121	300151	3289	257	2.65	856	6.48			989
2022-11-17	98253533	1076806	53633	460	267987	2054	300315	3291	163	1.406	819	6.28			990
2022-11-18	98308789	1077313	55256	507	310298	2505	300484	3292	168	1.55	948	7.66			991
2022-11-19	98313501	1077334	4712	21	309934	2522	300499	3292	14	0.064	947	7.71			992
2022-11-20	98317164	1077352	3663	18	311175	2527	300510	3292	11	0.055	951	7.72			993
2022-11-21	98361214	1077561	44050	209	305211	2484	300644	3293	134	0.639	932	7.59			994
2022-11-22	98417089	1078126	55875	565	301570	2647	300815	3295	170	1.727	921	8.09			995
2022-11-23	98530051	1079168	112962	1042	330151	2822	301160	3298	345	3.185	1009	8.63			996
2022-11-24	98546008	1079298	15957	130	292475	2492	301209	3298	48	0.397	893	7.62			997
2022-11-25	98567895	1079449	21887	151	259106	2136	301276	3299	66	0.462	791	6.53			998
2022-11-26	98570700	1079461	2805	12	257199	2127	301285	3299	8	0.037	786	6.5			999
2022-11-27	98576144	1079469	5444	8	258980	2117	301301	3299	16	0.024	791	6.47			1000
2022-11-28	98637466	1079766	61322	297	276252	2205	301489	3300	187	0.908	844	6.74			1001
2022-11-29	98704123	1080178	66657	412	287034	2052	301692	3301	203	1.259	877	6.27			1002
2022-11-30	98816411	1080761	112288	583	286360	1593	302036	3303	343	1.782	875	4.87			1003
2022-12-01	98906045	1081417	89634	656	360037	2119	302310	3305	273	2.005	1100	6.48			1004
2022-12-02	98969684	1081722	63639	305	401789	2273	302504	3306	194	0.932	1228	6.95			1005
2022-12-03	98976324	1081749	6640	27	405624	2288	302524	3306	20	0.083	1239	6.99			1006
2022-12-04	98981406	1081757	5082	8	405262	2288	302540	3306	15	0.024	1238	6.99			1007
2022-12-05	99038256	1081977	56850	220	400790	2211	302714	3307	173	0.672	1225	6.76			1008
2022-12-06	99132535	1082578	94279	601	428412	2400	303002	3308	288	1.837	1309	7.34			1009
2022-12-07	99277409	1083641	144874	1063	460998	2880	303445	3312	442	3.249	1409	8.8			1010
2022-12-08	99375897	1084457	98488	816	469852	3040	303746	3314	301	2.494	1436	9.29			1011
2022-12-09	99412235	1084649	36338	192	442551	2927	303857	3315	111	0.587	1352	8.95			1012
2022-12-10	99418966	1084672	6731	23	442642	2923	303877	3315	20	0.07	1352	8.93			1013
2022-12-11	99424947	1084677	5981	5	443541	2920	303896	3315	18	0.015	1355	8.93			1014
2022-12-12	99483696	1084897	58749	220	445440	2920	304075	3316	179	0.672	1361	8.93			1015
2022-12-13	99576779	1085480	93083	583	444244	2902	304360	3317	284	1.782	1357	8.87			1016
2022-12-14	99724767	1086423	147988	943	447358	2782	304812	3320	452	2.882	1367	8.5			1017
2022-12-15	99836625	1087159	111858	736	460728	2702	305154	3322	341	2.25	1408	8.26			1018
2022-12-16	99891366	1087571	54741	412	479131	2922	305321	3324	167	1.259	1464	8.93			1019
2022-12-17	99897951	1087583	6585	12	478985	2911	305341	3324	20	0.037	1464	8.9			1020
2022-12-18	99903538	1087585	5587	2	478591	2908	305359	3324	17	0.006	1462	8.89			1021
2022-12-19	99963502	1087852	59964	267	479806	2955	305542	3325	183	0.816	1466	9.03			1022
2022-12-20	100044700	1088419	81198	567	467921	2939	305790	3326	248	1.733	1430	8.98			1023
2022-12-21	100217059	1089445	172359	1026	492292	3022	306317	3329	526	3.136	1504	9.24			1024
2022-12-22	100312436	1090026	95377	581	475811	2867	306608	3331	291	1.776	1454	8.76			1025
2022-12-23	100375294	1090212	62858	186	483928	2641	306800	3332	192	0.569	1479	8.07			1026
2022-12-24	100381364	1090216	6070	4	483413	2633	306819	3332	18	0.012	1477	8.05			1027
2022-12-25	100383831	1090216	2467	0	480293	2631	306827	3332	7	0.0	1468	8.04			1028
2022-12-26	100394784	1090230	10953	14	431282	2378	306860	3332	33	0.043	1318	7.27			1029
2022-12-27	100478813	1090573	84029	343	434113	2154	307117	3333	256	1.048	1326	6.58			1030
