Country	Population	Date	Cases	Deaths	Cases_Per_Million	Deaths_Per_Million	Cases_Last_Week_Per_Million	Deaths_Last_Week_Per_Million	Continent	Code	DoublingTime_Cases_Last_Week_Per_100000
Afghanistan	37172386		208943	7896	5620	212	7	0.13	Asia	AF	34.7
Albania	2866376		334229	3596	116603	1254	9	0.0	Europe	AL	
Algeria	42228429		271406	6881	6427	162	0	0.0	Africa	DZ	
Andorra	77006		47860	165	621510	2142	129	0.0	Europe	AD	
Angola	30809762		105184	1931	3413	62	0	0.0	Africa	AO	
Antarctica			11	0	0	0	0	0	Antarctica	AQ	
Antigua and Barbuda	96286		9106	146	94572	1516	0	0.0	North America	AG	
Argentina	44494502		10040329	130437	225653	2931	71	0.36	South America	AR	
Armenia	2951776		446332	8719	151207	2953	109	0.68	Asia	AM	1.6
Australia	24992369		11330342	19070	453352	763	697	9.68	Oceania	AU	
Austria	8847037		5812695	21773	657021	2461	2094	4.18	Europe	AT	
Azerbaijan	9942334		828195	10098	83299	1015	15	0.4	Asia	AZ	
Bahamas	385640		37491	833	97217	2160	0	0.0	North America	BS	
Bahrain	1569439		700835	1544	446551	983	0	0.0	Asia	BH	
Bangladesh	161356039		2037664	29444	12628	182	0	0.01	Asia	BD	
Barbados	286641		106434	573	371314	1999	966	6.98	North America	BB	2.4
Belarus	9485386		994037	7118	104796	750	0	0.0	Europe	BY	
Belgium	11422068		4700949	33616	411567	2943	485	2.98	Europe	BE	9.7
Belize	383071		70697	688	184553	1796	96	0.0	North America	BZ	
Benin	11485048		27990	163	2437	14	0	0.0	Africa	BJ	
Bhutan	754394		62608	21	82991	27	3	0.0	Asia	BT	
Bolivia	11353142		1190511	22354	104861	1968	124	0.35	South America	BO	
Bosnia and Herzegovina	3323929		401472	16261	120782	4892	18	0.6	Europe	BA	
Botswana	2254126		329494	2801	146173	1242	118	0.44	Africa	BW	
Brazil	209469333		36917623	697620	176243	3330	245	1.27	South America	BR	
Brunei	428962		276825	225	645336	524	1767	0.0	Asia	BN	
Bulgaria	7000039		1295789	38193	185111	5456	32	1.29	Europe	BG	
Burkina Faso	19751535		22025	396	1115	20	0	0.0	Africa	BF	
Burundi	11175378		53574	38	4793	3	7	0.0	Africa	BI	
Cabo Verde	543767		63235	413	116290	759	11	0.0	Africa	CV	
Cambodia	16249798		138703	3056	8535	188	0	0.0	Asia	KH	
Cameroon	25216237		123993	1965	4917	77	0	0.0	Africa	CM	
Canada	37058856		4579137	50917	123563	1373	238	5.75	North America	CA	
Central African Republic	4666377		15368	113	3293	24	0	0.0	Africa	CF	
Chad	15477751		7652	194	494	12	0	0.0	Africa	TD	
Chile	18729160		5135705	63965	274209	3415	573	5.66	South America	CL	
China	1411778724		4903516	100922	3473	71	0	2.32	Asia	CN	
Colombia	49648685		6355637	142276	128012	2865	10	0.64	South America	CO	
Comoros	832322		8992	161	10803	193	0	0.0	Africa	KM	
Congo (Brazzaville)	5244363		25375	388	4838	73	0	0.0	Africa	CG	
Congo (Kinshasa)	84068091		95585	1463	1136	17	0	0.0	Africa	CD	
Costa Rica	4999441		1190377	9181	238102	1836	840	4.6	North America	CR	33.2
Croatia	4089400		1268131	17916	310101	4381	81	6.85	Europe	HR	
Cuba	11338138		1112502	8530	98120	752	2	0.0	North America	CU	
Cyprus	1189265		645515	1293	542784	1087	1139	1.68	Europe	CY	
Czechia	10625695		4594497	42344	432394	3985	332	1.98	Europe	CZ	13.4
Denmark	5797446		3447856	8240	594719	1421	163	4.48	Europe	DK	
Djibouti	958920		15690	189	16362	197	0	0.0	Africa	DJ	
Dominica	71625		15760	74	220034	1033	0	0.0	North America	DM	
Dominican Republic	10627165		660412	4384	62143	412	29	0.0	North America	DO	2.1
Ecuador	17084357		1052007	35965	61577	2105	0	1.35	South America	EC	
Egypt	98423595		515666	24807	5239	252	0	0.01	Africa	EG	
El Salvador	6420744		201785	4230	31427	658	0	0.0	North America	SV	
Equatorial Guinea	1308974		17212	183	13149	139	16	0.0	Africa	GQ	
Eritrea	6209262		10189	103	1640	16	0	0.0	Africa	ER	
Estonia	1320884		614215	2919	465002	2209	236	5.3	Europe	EE	
Eswatini	1136191		74143	1423	65255	1252	8	0.88	Africa	SZ	
Ethiopia	109224559		499738	7572	4575	69	1	0.0	Africa	ET	
Fiji	883483		68864	883	77946	999	18	0.0	Oceania	FJ	
Finland	5518050		1460857	8821	264741	1598	300	14.86	Europe	FI	2.6
France	66987244		39764042	165578	593606	2471	339	2.55	Europe	FR	
Gabon	2119275		48981	306	23112	144	0	0.0	Africa	GA	
Gambia	2280102		12586	372	5519	163	0	0.0	Africa	GM	
Georgia	3731000		1818861	16941	487499	4540	801	1.88	Asia	GE	5.4
Germany	82927922		37893892	166660	456949	2009	859	6.42	Europe	DE	
Ghana	29767108		171140	1462	5749	49	0	0.0	Africa	GH	
Greece	10727668		5548487	34779	517212	3241	0	0.0	Europe	GR	
Grenada	111454		19680	238	176575	2135	0	0.0	North America	GD	
Guatemala	17247807		1231507	20142	71400	1167	135	1.28	North America	GT	
Guinea	12414318		38240	467	3080	37	0	0.0	Africa	GN	
Guinea-Bissau	1874309		8947	176	4773	93	0	0.0	Africa	GW	
Guyana	779004		73003	1296	93713	1663	24	1.28	South America	GY	
Haiti	11123176		34076	860	3063	77	0	0.0	North America	HT	
Honduras	9587522		471224	11107	49149	1158	29	0.31	North America	HN	
Hungary	9768785		2193272	48707	224518	4985	84	3.07	Europe	HU	11.1
Iceland	353574		208839	211	590651	596	427	33.94	Europe	IS	6.1
India	1352617328		44683862	530750	33035	392	0	0.0	Asia	IN	
Indonesia	267663435		6732418	160858	25152	600	6	0.12	Asia	ID	59.2
Iran	81800269		7565367	144779	92485	1769	9	0.31	Asia	IR	20.0
Iraq	38433600		2465545	25375	64150	660	0	0.0	Asia	IQ	
Ireland	4853506		1701617	8602	350595	1772	164	17.93	Europe	IE	8.9
Israel	8883800		4790574	12229	539248	1376	331	2.93	Asia	IL	
Italy	60431283		25519067	187551	422282	3103	511	4.62	Europe	IT	
Ivory Coast	25069229		88037	833	3511	33	1	0.0	Africa	CI	
Jamaica	2934855		153905	3488	52440	1188	94	1.36	North America	JM	
Japan	126529100		32930382	70385	260259	556	1853	10.62	Asia	JP	
Jordan	9956011		1746997	14122	175471	1418	0	0.0	Asia	JO	
Kazakhstan	18276499		1496549	19066	81883	1043	0	0.05	Asia	KZ	
Kenya	51393010		342817	5688	6670	110	0	0.0	Africa	KE	
Kiribati	115847		5008	18	43229	155	0	0.0	Oceania	KI	
Kosovo	1845300		272684	3204	147772	1736	48	0.0	Europe	XK	
Kuwait	4137309		662858	2570	160214	621	0	0.0	Asia	KW	
Kyrgyzstan	6315800		206599	2991	32711	473	1	0.0	Asia	KG	
Laos	7061507		217998	758	30871	107	1	0.0	Asia	LA	
Latvia	1926542		975590	6245	506394	3241	97	3.11	Europe	LV	54.3
Lebanon	6848925		1229915	10801	179577	1577	96	1.02	Asia	LB	
Lesotho	2108132		34790	723	16502	342	0	0.0	Africa	LS	
Liberia	4818977		8065	294	1673	61	0	0.0	Africa	LR	
Libya	6678567		507166	6437	75939	963	0	0.0	Africa	LY	
Liechtenstein	37910		21372	89	563756	2347	342	0.0	Europe	LI	
Lithuania	2789533		1299616	9555	465890	3425	742	1.79	Europe	LT	
Luxembourg	607728		315352	1212	518903	1994	773	1.65	Europe	LU	7.3
Madagascar	26262368		67842	1420	2583	54	0	0.04	Africa	MG	
Malawi	17563749		88559	2686	5042	152	0	0.0	Africa	MW	
Malaysia	31528585		5039067	36950	159825	1171	47	0.25	Asia	MY	
Maldives	515696		185721	311	360136	603	11	0.0	Asia	MV	
Mali	19077690		32818	743	1720	38	1	0.0	Africa	ML	
Malta	483530		117166	826	242313	1708	215	4.14	Europe	MT	
Marshall Islands	58413		15590	17	266892	291	102	0.0	Oceania	MH	
Mauritania	4403319		63667	997	14458	226	0	0.0	Africa	MR	
Mauritius	1265303		294915	1044	233078	825	247	0.79	Africa	MU	3.6
Mexico	126190788		7400848	332580	58648	2635	154	1.48	North America	MX	
Micronesia	112640		23671	60	210147	532	8833	17.76	Oceania	FM	
Moldova	3545883		599578	11957	169091	3372	255	1.13	Europe	MD	8.5
Monaco	38682		16095	67	416085	1732	827	51.7	Europe	MC	
Mongolia	3170208		1007888	2136	317924	673	4	0.0	Asia	MN	
Montenegro	622345		286729	2798	460723	4495	449	1.61	Europe	ME	27.5
Morocco	36029138		1272323	16296	35313	452	1	0.0	Africa	MA	
Mozambique	29495962		232819	2237	7893	75	27	0.14	Africa	MZ	3.6
Myanmar	53708395		633863	19490	11801	362	0	0.0	Asia	MM	
Namibia	2448255		170741	4088	69739	1669	0	0.0	Africa	NA	
Nauru	12704		4815	1	379014	78	15270	0.0	Oceania	NR	1.0
Nepal	28087871		1001113	12020	35642	427	0	0.0	Asia	NP	
Netherlands	17231017		8699058	23705	504848	1375	159	0.06	Europe	NL	20.6
New Zealand	4885500		2198982	2504	450103	512	1813	5.12	Oceania	NZ	11.9
Nicaragua	6465513		15612	245	2414	37	3	0.0	North America	NI	
Niger	22442948		9508	315	423	14	0	0.0	Africa	NE	
Nigeria	195874740		266463	3155	1360	16	0	0.0	Africa	NG	
North Macedonia	2082958		346533	9641	166365	4628	0	0.0	Europe	MK	
Norway	5314336		1478247	5152	278162	969	46	2.82	Europe	NO	
Oman	4829483		399449	4628	82710	958	0	0.0	Asia	OM	
Pakistan	212215030		1576464	30640	7428	144	0	0.0	Asia	PK	
Palau	17907		5987	9	334338	502	55	0.0	Oceania	PW	
Palestinian Territory	4569087		703228	5708	153909	1249	0	0.0	Asia	PS	
Panama	4176873		1030214	8599	246647	2058	122	0.72	North America	PA	
Papua New Guinea	8606316		46776	670	5435	77	3	0.0	Oceania	PG	
Paraguay	6956071		806662	19830	115965	2850	0	0.0	South America	PY	
Peru	31989256		4483236	219229	140148	6853	28	4.5	South America	PE	
Philippines	106651922		4074339	65924	38202	618	5	0.94	Asia	PH	
Poland	37978548		6388226	118775	168206	3127	159	0.84	Europe	PL	13.6
Portugal	10281762		5565479	26059	541296	2534	119	2.53	Europe	PT	
Qatar	2781677		492925	686	177204	246	118	0.0	Asia	QA	
Romania	19473936		3327805	67619	170885	3472	143	2.21	Europe	RO	24.2
Russia	144478050		21737602	387526	150456	2682	479	1.99	Europe	RU	19.2
Rwanda	12301939		133090	1468	10818	119	0	0.0	Africa	RW	
Saint Kitts and Nevis	52441		6592	46	125703	877	0	0.0	North America	KN	
Saint Lucia	181889		29882	409	164287	2248	434	0.0	North America	LC	
Saint Vincent and the Grenadines	110211		9587	123	86987	1116	18	0.0	North America	VC	
Samoa	196130		16109	29	82134	147	112	0.0	Oceania	WS	
San Marino	33785		23468	122	694627	3611	1213	0.0	Europe	SM	
Sao Tome and Principe	197700		6280	77	31765	389	0	0.0	Africa	ST	
Saudi Arabia	33699947		828456	9590	24583	284	10	0.36	Asia	SA	27.1
Senegal	15854360		88902	1971	5607	124	0	0.0	Africa	SN	
Serbia	6982084		2477970	17731	354904	2539	626	2.58	Europe	RS	15.9
Seychelles	96762		50665	172	523604	1777	0	0.0	Africa	SC	
Sierra Leone	7650154		7760	126	1014	16	0	0.0	Africa	SL	
Singapore	5638676		2221438	1722	393964	305	519	0.0	Asia	SG	
Slovakia	5447011		2662097	20974	488726	3850	174	4.04	Europe	SK	20.8
Slovenia	2067372		1323445	7063	640158	3416	562	1.45	Europe	SI	
Solomon Islands	652858		24575	153	37642	234	0	0.0	Oceania	SB	
Somalia	15008154		27322	1361	1820	90	0	0.0	Africa	SO	
South Africa	57779622		4057211	102595	70218	1775	8	0.0	Africa	ZA	
South Korea	51635256		30325483	33697	587301	652	1589	2.38	Asia	KR	
South Sudan	8260490		18368	138	2223	16	0	0.0	Africa	SS	
Spain	46723749		13748918	118976	294259	2546	179	5.65	Europe	ES	
Sri Lanka	21670000		672005	16828	31010	776	0	0.0	Asia	LK	
Sudan	41801533		63759	5008	1525	119	0	0.0	Africa	SD	
Suriname	575991		82227	1400	142757	2430	0	0.0	South America	SR	
Sweden	10183175		2696168	23563	264766	2313	125	11.29	Europe	SE	
Switzerland	8516543		4408833	14211	517678	1668	107	0.0	Europe	CH	
Syria	16906283		57453	3164	3398	187	0	0.0	Asia	SY	
Taiwan	23451837		9773627	16964	416753	723	6459	18.29	Asia	TW	
Tajikistan	9100837		17786	125	1954	13	0	0.0	Asia	TJ	
Tanzania	56318348		42717	846	758	15	0	0.0	Africa	TZ	
Thailand	69428524		4727236	33882	68087	488	3	0.24	Asia	TH	
Timor Leste	1267972		23416	138	18467	108	0	0.0	Oceania	TL	
Togo	7889094		39358	290	4988	36	0	0.0	Africa	TG	
Tonga	103197		16795	13	162746	125	155	0.0	Oceania	TO	
Trinidad and Tobago	1389858		187908	4326	135199	3112	0	0.0	North America	TT	
Tunisia	11565204		1150477	29312	99477	2534	10	0.35	Africa	TN	8.0
Turkey	82319724		17042722	101492	207030	1232	0	0.0	Europe	TR	
Tuvalu	11508		2805	0	243743	0	0	0.0	Oceania	TV	
Uganda	42723139		170400	3630	3988	84	0	0.0	Africa	UG	
Ukraine	44622516		5686735	119089	127440	2668	94	1.59	Europe	UA	37.8
United Arab Emirates	9630959		1050241	2348	109048	243	62	0.0	Asia	AE	42.1
United Kingdom	66488991		24549097	218476	369220	3285	335	0.0	Europe	GB	27.7
United States	327167434		102842854	1114341	314343	3406	753	8.27	North America	US	
Uruguay	3449299		1033265	7614	299557	2207	160	1.45	South America	UY	
Uzbekistan	32955400		250743	1637	7608	49	3	0.0	Asia	UZ	
Vanuatu	292680		12014	14	41048	47	0	0.0	Oceania	VU	
Vatican	921		29	0	31487	0	0	0.0	Europe	VA	
Venezuela	28870195		551673	5851	19108	202	2	0.21	South America	VE	
Vietnam	95540395		11526640	43186	120646	452	1	0.0	Asia	VN	
Yemen	28498687		11945	2159	419	75	0	0.0	Asia	YE	
Zambia	17351822		342114	4050	19716	233	41	0.06	Africa	ZM	
Zimbabwe	14439018		263083	5659	18220	391	52	0.07	Africa	ZW	57.8
