Day	2016	2016_roll_av	2017	2017_roll_av	2018	2018_roll_av	2019	2019_roll_av	2020	2020_roll_av	2021	2021_roll_av	2022	2022_roll_av	2023	2023_roll_av	2016_2019_mean	2016_2019_mean_roll_av	2016_2019_roll_av_min	2016_2019_roll_av_max	Deaths_Covid_2020	Deaths_Covid_2020_roll_av	Deaths_Covid_2021	Deaths_Covid_2021_roll_av	Deaths_Covid_2022	Deaths_Covid_2022_roll_av	Deaths_Covid_2023	Deaths_Covid_2023_roll_av
01.01.	2558	2558.0	2912	2820.6	2665	2683.7	2639	2585.9	2685	2606.6	3559	3668.3	3021	3194.6	3736.0	3856.7	2693.5	2693.5	2558.0	2820.6	0	0.0	418	822.6	57	149.6	26.0	123.6
02.01.	2422	2490.0	3085	2864.0	2760	2705.0	2642	2600.9	2809	2642.7	3546	3676.6	2884	3167.4	3873.0	3861.1	2727.25	2710.4	2490.0	2864.0	0	0.0	601	824.7	64	147.0	237.0	152.3
03.01.	2522	2500.7	2923	2876.0	2870	2712.0	2610	2600.0	2761	2658.1	3444	3648.7	3042	3130.6	3628.0	3832.9	2731.25	2717.3	2500.7	2876.0	0	0.0	500	820.4	155	144.3	138.0	130.9
04.01.	2743	2561.2	2973	2896.3	2865	2742.9	2782	2611.1	2765	2695.7	3735	3628.1	3062	3097.9	3626.0	3794.6	2840.75	2748.2	2561.2	2896.3	0	0.0	778	803.6	195	139.4	130.0	120.0
05.01.	2633	2575.6	3055	2939.7	2875	2786.4	2818	2646.1	2536	2697.6	3569	3602.7	2927	3051.9	3717.0	3774.9	2845.25	2767.6	2575.6	2939.7	0	0.0	1044	773.9	155	133.4	97.0	111.9
06.01.	2578	2576.0	2979	2960.4	2763	2793.7	2616	2669.4	2685	2706.9	3654	3583.1	2957	3012.1	3524.0	3709.7	2734.0	2762.0	2576.0	2960.4	0	0.0	927	720.9	122	122.9	79.0	104.6
07.01.	2584	2577.1	2949	2982.3	2544	2763.1	2749	2693.7	2802	2720.4	3584	3584.4	2941	2976.3	3414.0	3645.4	2706.5	2754.1	2577.1	2982.3	0	0.0	1033	757.3	121	124.1	14.0	103.0
08.01.	2765	2606.7	2954	2988.3	2659	2762.3	2823	2720.0	2832	2741.4	3566	3585.4	2948	2965.9	3234.0	3573.7	2800.25	2769.3	2606.7	2988.3	0	0.0	931	830.6	71	126.1	19.0	102.0
09.01.	2579	2629.1	3088	2988.7	2589	2737.9	2758	2736.6	2911	2756.0	3468	3574.3	2886	2966.1	3361.0	3500.6	2753.5	2773.1	2629.1	2988.7	0	0.0	604	831.0	46	123.6	139.0	88.0
10.01.	2585	2638.1	3256	3036.3	2805	2728.6	2750	2756.6	2886	2773.9	3343	3559.9	2922	2949.0	3171.0	3435.3	2849.0	2789.9	2638.1	3036.3	0	0.0	428	820.7	98	115.4	84.0	80.3
11.01.	2751	2639.3	3213	3070.6	2705	2705.7	2796	2758.6	2679	2761.6	3561	3535.0	2838	2917.0	3340.0	3394.4	2866.25	2793.5	2639.3	3070.6	0	0.0	589	793.7	123	105.1	63.0	70.7
12.01.	2627	2638.4	3145	3083.4	2731	2685.1	2681	2739.0	2613	2772.6	3608	3540.6	2856	2906.9	3224.0	3324.0	2796.0	2786.5	2638.4	3083.4	0	0.0	901	773.3	116	99.6	56.0	64.9
13.01.	2698	2655.6	3240	3120.7	2679	2673.1	2613	2738.6	2753	2782.3	3530	3522.9	2790	2883.0	3253.0	3285.3	2807.5	2797.0	2655.6	3120.7	0	0.0	974	780.0	110	97.9	59.0	62.0
14.01.	2581	2655.1	3079	3139.3	2602	2681.4	2787	2744.0	2826	2785.7	3589	3523.6	2911	2878.7	3063.0	3235.1	2762.25	2805.0	2655.1	3139.3	0	0.0	950	768.1	108	96.0	9.0	61.3
15.01.	2657	2639.7	3049	3152.9	2754	2695.0	2800	2740.7	2673	2763.0	3606	3529.3	2875	2868.3	2994.0	3200.9	2815.0	2807.1	2639.7	3152.9	0	0.0	822	752.6	83	97.7	8.0	59.7
16.01.	2627	2646.6	3036	3145.4	2849	2732.1	2790	2745.3	2832	2751.7	3378	3516.4	2686	2839.7	3051.0	3156.6	2825.5	2817.4	2646.6	3145.4	0	0.0	540	743.4	52	98.6	98.0	53.9
17.01.	2498	2634.1	3011	3110.4	2731	2721.6	2786	2750.4	2654	2718.6	3260	3504.6	2876	2833.1	3112.0	3148.1	2756.5	2804.1	2634.1	3110.4	0	0.0	326	728.9	147	105.6	36.0	47.0
18.01.	2624	2616.0	2956	3073.7	2831	2739.6	2776	2747.6	2656	2715.3	3489	3494.3	2863	2836.7	3006.0	3100.4	2796.75	2794.2	2616.0	3073.7	0	0.0	543	722.3	132	106.9	42.0	44.0
19.01.	2641	2618.0	3077	3064.0	2803	2749.9	2610	2737.4	2559	2707.6	3528	3482.9	2843	2834.9	3039.0	3074.0	2782.75	2792.3	2618.0	3064.0	0	0.0	766	703.0	127	108.4	39.0	41.6
20.01.	2640	2609.7	3073	3040.1	2645	2745.0	2614	2737.6	2603	2686.1	3500	3478.6	2883	2848.1	3093.0	3051.1	2743.0	2783.1	2609.7	3040.1	0	0.0	778	675.0	143	113.1	36.0	38.3
21.01.	2685	2624.6	3120	3046.0	2574	2741.0	2693	2724.1	2688	2666.4	3547	3472.6	2890	2845.1	2875.0	3024.3	2768.0	2783.9	2624.6	3046.0	0	0.0	722	642.4	138	117.4	7.0	38.0
22.01.	2668	2626.1	2963	3033.7	2763	2742.3	2742	2715.9	2684	2668.0	3578	3468.6	2791	2833.1	2812.0	2998.3	2784.0	2779.5	2626.1	3033.7	0	0.0	631	615.1	100	119.9	6.0	37.7
23.01.	2688	2634.9	3151	3050.1	2761	2729.7	2865	2726.6	2723	2652.4	3319	3460.1	2659	2829.3	3064.0	3000.1	2866.25	2785.3	2634.9	3050.1	0	0.0	446	601.7	78	123.6	63.0	32.7
24.01.	2681	2661.0	3226	3080.9	2816	2741.9	2835	2733.6	2836	2678.4	3168	3447.0	2847	2825.1	2868.0	2965.3	2889.5	2804.3	2661.0	3080.9	0	0.0	214	585.7	164	126.0	46.0	34.1
25.01.	2777	2682.9	3155	3109.3	2796	2736.9	2833	2741.7	2654	2678.1	3354	3427.7	2874	2826.7	3001.0	2964.6	2890.25	2817.7	2682.9	3109.3	0	0.0	429	569.4	187	133.9	37.0	33.4
26.01.	2679	2688.3	3196	3126.3	2804	2737.0	2797	2768.4	2639	2689.6	3312	3396.9	2933	2839.6	2930.0	2949.0	2869.0	2830.0	2688.3	3126.3	0	0.0	584	543.4	179	141.3		
27.01.	2691	2695.6	3167	3139.7	2640	2736.3	2740	2786.4	2810	2719.1	3314	3370.3	2980	2853.4	2990.0	2934.3	2809.5	2839.5	2695.6	3139.7	0	0.0	622	521.1	174	145.7		
28.01.	2639	2689.0	3114	3138.9	2591	2738.7	2904	2816.6	2898	2749.1	3292	3333.9	2883	2852.4	2931.0	2942.3	2812.0	2845.8	2689.0	3138.9	0	0.0	487	487.6	180	151.7		
29.01.	2755	2701.4	3074	3154.7	2897	2757.9	2748	2817.4	2844	2772.0	3326	3297.9	2940	2873.7	2756.0	2934.3	2868.5	2857.9	2701.4	3154.7	0	0.0	480	466.0	138	157.1		
30.01.	2650	2696.0	3404	3190.9	2728	2753.1	2729	2798.0	2769	2778.6	3091	3265.3	2741	2885.4	2960.0	2919.4	2877.75	2859.5	2696.0	3190.9	0	0.0	308	446.3	83	157.9		
31.01.	2516	2672.4	3410	3217.1	2878	2762.0	2779	2790.0	2915	2789.9	2985	3239.1	2891	2891.7	3052.0	2945.7	2895.75	2860.4	2672.4	3217.1	0	0.0	189	442.7	218	165.6		
01.02.	2683	2659.0	3290	3236.4	2826	2766.3	3012	2815.6	2802	2811.0	3203	3217.6	3019	2912.4	3064.0	2954.7	2952.75	2869.3	2659.0	3236.4	0	0.0	314	426.3	254	175.1		
02.02.	2745	2668.4	3316	3253.6	2811	2767.3	2875	2826.7	2736	2824.9	3178	3198.4	2993	2921.0	3101.0	2979.1	2936.75	2879.0	2668.4	3253.6	0	0.0	396	399.4	270	188.1		
03.02.	2518	2643.7	3535	3306.1	2764	2785.0	2765	2830.3	2739	2814.7	3261	3190.9	2943	2915.7	3057.0	2988.7	2895.5	2891.3	2643.7	3306.1	0	0.0	451	375.0	242	197.9		
04.02.	2579	2635.1	3427	3350.9	2654	2794.0	2812	2817.1	2895	2814.3	3086	3161.4	3081	2944.0	2918.0	2986.9	2868.0	2899.3	2635.1	3350.9	0	0.0	442	368.6	233	205.4		
05.02.	2649	2620.0	3258	3377.1	2835	2785.1	2890	2837.4	2695	2793.0	3052	3122.3	2867	2933.6	2846.0	2999.7	2908.0	2904.9	2620.0	3377.1	0	0.0	318	345.4	166	209.4		
06.02.	2700	2627.1	3286	3360.3	2784	2793.1	2898	2861.6	2597	2768.4	3128	3127.6	2897	2955.9	3006.0	3006.3	2917.0	2910.5	2627.1	3360.3	0	0.0	245	336.4	107	212.9		
07.02.	2619	2641.9	3337	3349.9	2983	2808.1	2882	2876.3	2753	2745.3	2865	3110.4	2917	2959.6	2934.0	2989.4	2955.25	2919.0	2641.9	3349.9	0	0.0	101	323.9	250	217.4		
08.02.	2663	2639.0	3232	3341.6	2887	2816.9	2847	2852.7	2721	2733.7	3057	3089.6	2927	2946.4	3082.0	2992.0	2907.25	2912.5	2639.0	3341.6	0	0.0	241	313.4	303	224.4		
09.02.	2640	2624.0	3217	3327.4	2871	2825.4	2847	2848.7	2638	2719.7	3071	3074.3	3012	2949.1	2933.0	2968.0	2893.75	2906.4	2624.0	3327.4	0	0.0	306	300.6	291	227.4		
10.02.	2751	2657.3	3360	3302.4	2872	2840.9	2805	2854.4	2857	2736.6	2988	3035.3	3080	2968.7	3008.0	2961.0	2947.0	2913.8	2657.3	3302.4	0	0.0	306	279.9	306	236.6		
11.02.	2594	2659.4	3168	3265.4	2854	2869.4	2853	2860.3	2836	2728.1	2997	3022.6	2873	2939.0	3029.0	2976.9	2867.25	2913.6	2659.4	3265.4	0	0.0	310	261.0	248	238.7		
12.02.	2620	2655.3	3144	3249.1	3012	2894.7	2860	2856.0	2790	2741.7	3149	3036.4	2813	2931.3	2819.0	2973.0	2909.0	2913.8	2655.3	3249.1	0	0.0	253	251.7	169	239.1		
13.02.	2701	2655.4	3298	3250.9	3041	2931.4	2890	2854.9	2802	2771.0	2953	3011.4	2863	2926.4			2982.5	2923.1	2655.4	3250.9	0	0.0	162	239.9	115	240.3		
14.02.	2572	2648.7	3222	3234.4	2965	2928.9	2910	2858.9	2793	2776.7	2731	2992.3	3019	2941.0			2917.25	2917.7	2648.7	3234.4	0	0.0	106	240.6	249	240.1		
15.02.	2643	2645.9	3292	3243.0	3031	2949.4	2977	2877.4	2809	2789.3	2990	2982.7	3073	2961.9			2985.75	2928.9	2645.9	3243.0	0	0.0	193	233.7	298	239.4		
16.02.	2506	2626.7	3342	3260.9	3105	2982.9	2844	2877.0	2761	2806.9	3138	2992.3	3167	2984.0			2949.25	2936.9	2626.7	3260.9	0	0.0	292	231.7	317	243.1		
17.02.	2671	2615.3	3268	3247.7	3000	3001.1	2816	2878.6	2817	2801.1	2995	2993.3	3038	2978.0			2938.75	2935.7	2615.3	3247.7	0	0.0	276	227.4	338	247.7		
18.02.	2673	2626.6	3209	3253.6	3100	3036.3	2990	2898.1	2662	2776.3	2915	2981.6	3039	3001.7			2993.0	2953.6	2626.6	3253.6	0	0.0	242	217.7	258	249.1		
19.02.	2730	2642.3	3052	3240.4	3201	3063.3	2876	2900.4	2738	2768.9	2911	2947.6	2899	3014.0			2964.75	2961.6	2642.3	3240.4	0	0.0	222	213.3	186	251.6		
20.02.	2661	2636.6	3314	3242.7	3237	3091.3	3000	2916.1	2728	2758.3	2798	2925.4	2952	3026.7			3053.0	2971.7	2636.6	3242.7	1	0.1	158	212.7	109	250.7		
21.02.	2599	2640.4	3221	3242.6	3284	3136.9	2963	2923.7	2676	2741.6	2746	2927.6	2984	3021.7			3016.75	2985.9	2640.4	3242.6	0	0.1	95	211.1	251	251.0		
22.02.	2706	2649.4	3307	3244.7	3291	3174.0	2986	2925.0	2677	2722.7	2799	2900.3	2967	3006.6			3072.5	2998.3	2649.4	3244.7	0	0.1	183	209.7	295	250.6		
23.02.	2684	2674.9	3350	3245.9	3378	3213.0	2792	2917.6	2655	2707.6	2766	2847.1	2918	2971.0			3051.0	3012.8	2674.9	3245.9	0	0.1	219	199.3	299	248.0		
24.02.	2618	2667.3	3104	3222.4	3269	3251.4	2742	2907.0	2775	2701.6	2776	2815.9	3034	2970.4			2933.25	3012.0	2667.3	3251.4	0	0.1	232	193.0	261	237.0		
25.02.	2658	2665.1	3025	3196.1	3228	3269.7	2970	2904.1	2805	2722.0	2788	2797.7	2897	2950.1			2970.25	3008.8	2665.1	3269.7	0	0.1	200	187.0	256	236.7		
26.02.	2703	2661.3	2945	3180.9	3457	3306.3	2977	2918.6	2792	2729.7	2685	2765.4	2858	2944.3			3020.5	3016.8	2661.3	3306.3	0	0.1	185	181.7	153	232.0		
27.02.	2585	2650.4	3131	3154.7	3469	3339.4	2939	2909.9	2741	2731.6	2654	2744.9	2753	2915.9			3031.0	3013.6	2650.4	3339.4	0	0.0	135	178.4	89	229.1		
28.02.	2521	2639.3	2999	3123.0	3590	3383.1	2991	2913.9	2911	2765.1	2511	2711.3	2926	2907.6			3025.25	3014.8	2639.3	3383.1	0	0.0	73	175.3	217	224.3		
01.03.	2693	2629.3	3121	3096.4	3713	3443.4	3100	2930.1	2652	2786.4	2716	2699.4	3017	2914.7			3156.75	3026.9	2629.3	3443.4	0	0.0	162	172.3	288	223.3		
02.03.	2794	2654.4	2990	3045.0	3703	3489.9	2955	2953.4	2854	2797.7	2675	2686.4	3043	2932.6			3110.5	3035.4	2654.4	3489.9	0	0.0	196	169.0	289	221.9		
03.03.	2730	2664.7	2944	3022.1	3863	3574.7	2858	2970.0	2898	2811.0	2663	2670.3	3015	2929.9			3098.75	3059.0	2664.7	3574.7	0	0.0	169	160.0	279	224.4		
04.03.	2803	2679.0	2960	3012.9	3740	3647.9	2909	2961.3	2797	2811.7	2731	2662.1	2996	2944.0			3103.0	3078.0	2679.0	3647.9	2	0.3	166	155.1	242	222.4		
05.03.	2654	2688.9	2785	2990.0	3932	3715.7	2978	2961.4	2786	2818.1	2697	2663.9	2916	2952.3			3087.25	3087.5	2688.9	3715.7	1	0.4	142	149.0	138	220.3		
06.03.	2625	2703.7	2907	2958.0	3881	3774.6	3006	2971.0	2910	2818.0	2484	2639.6	2856	2967.0			3104.75	3098.0	2703.7	3774.6	4	1.0	133	148.7	120	224.7		
07.03.	2690	2712.7	2724	2918.7	3881	3816.1	3046	2978.9	2707	2800.6	2489	2636.4	2897	2962.9			3085.25	3106.6	2712.7	3816.1	4	1.6	81	149.9	277	233.3		
08.03.	2754	2721.4	2695	2857.9	3722	3817.4	2981	2961.9	2715	2809.6	2735	2639.1	3059	2968.9			3038.0	3089.6	2721.4	3817.4	1	1.7	136	146.1	282	232.4		
09.03.	2769	2717.9	2758	2824.7	3876	3842.1	2810	2941.1	2880	2813.3	2739	2648.3	3101	2977.1			3053.25	3081.5	2717.9	3842.1	7	2.7	181	144.0	309	235.3		
10.03.	2682	2711.0	2789	2802.6	3749	3825.9	2723	2921.9	2878	2810.4	2603	2639.7	3080	2986.4			2985.75	3065.3	2711.0	3825.9	4	3.3	210	149.9	289	236.7		
11.03.	2714	2698.3	2659	2759.6	3736	3825.3	2743	2898.1	2885	2823.0	2684	2633.0	3089	2999.7			2963.0	3045.3	2698.3	3825.3	10	4.4	200	154.7	325	248.6		
12.03.	2613	2692.4	2570	2728.9	3741	3798.0	2857	2880.9	2846	2831.6	2656	2627.1	3059	3020.1			2945.25	3025.0	2692.4	3798.0	12	6.0	173	159.1	171	253.3		
13.03.	2666	2698.3	2680	2696.4	3585	3755.7	2878	2862.6	2822	2819.0	2678	2654.9	2932	3031.0			2952.25	3003.2	2696.4	3755.7	16	7.7	126	158.1	98	250.1		
14.03.	2727	2703.6	2685	2690.9	3522	3704.4	2864	2836.6	2795	2831.6	2511	2658.0	3082	3057.4			2949.5	2983.9	2690.9	3704.4	20	10.0	76	157.4	274	249.7		
15.03.	2715	2698.0	2662	2686.1	3494	3671.9	2882	2822.4	2743	2835.6	2756	2661.0	3089	3061.7			2938.25	2969.6	2686.1	3671.9	15	12.0	145	158.7	341	258.1		
16.03.	2686	2686.1	2654	2671.3	3524	3621.6	2859	2829.4	2918	2841.0	2614	2643.1	3159	3070.0			2930.75	2952.1	2671.3	3621.6	35	16.0	230	165.7	360	265.4		
17.03.	2813	2704.9	2667	2653.9	3295	3556.7	2712	2827.9	2860	2838.4	2635	2647.7	3061	3067.3			2871.75	2935.8	2653.9	3556.7	44	21.7	216	166.6	365	276.3		
18.03.	2711	2704.4	2671	2655.6	3224	3483.6	2701	2821.9	2937	2845.9	2656	2643.7	3048	3061.4			2826.75	2916.4	2655.6	3483.6	63	29.3	236	171.7	299	272.6		
19.03.	2691	2715.6	2646	2666.4	3305	3421.3	2651	2792.4	2808	2840.4	2710	2651.4	2909	3040.0			2823.25	2898.9	2666.4	3421.3	65	36.9	198	175.3	159	270.9		
20.03.	2628	2710.1	2627	2658.9	3309	3381.9	2749	2774.0	2866	2846.7	2499	2625.9	2999	3049.6			2828.25	2881.2	2658.9	3381.9	96	48.3	144	177.9	96	270.6		
21.03.	2788	2718.9	2604	2647.3	3320	3353.0	2768	2760.3	2756	2841.1	2504	2624.9	3069	3047.7			2870.0	2869.9	2647.3	3353.0	95	59.0	108	182.4	324	277.7		
22.03.	2748	2723.6	2557	2632.3	3269	3320.9	2806	2749.4	2577	2817.4	2699	2616.7	3121	3052.3			2845.0	2856.5	2632.3	3320.9	80	68.3	164	185.1	347	278.6		
23.03.	2811	2741.4	2572	2620.6	3388	3301.4	2730	2731.0	2678	2783.1	2587	2612.9	3154	3051.6			2875.25	2848.6	2620.6	3301.4	130	81.9	274	191.4	310	271.4		
24.03.	2660	2719.6	2617	2613.4	3249	3294.9	2611	2716.6	2731	2764.7	2744	2628.4	3031	3047.3			2784.25	2836.1	2613.4	3294.9	167	99.4	267	198.7	296	261.6		
25.03.	2676	2714.6	2501	2589.1	2937	3253.9	2614	2704.1	2921	2762.4	2764	2643.9	3096	3054.1			2682.0	2815.4	2589.1	3253.9	218	121.6	256	201.6	288	260.0		
26.03.	2656	2709.6	2162	2520.0	3086	3222.6	2654	2704.6	2832	2765.9	2780	2653.9	3019	3069.9			2639.5	2789.2	2520.0	3222.6	267	150.4	258	210.1	162	260.4		
27.03.	2487	2689.4	2548	2508.7	3059	3186.9	2683	2695.1	2954	2778.4	2531	2658.4	2711	3028.7			2694.25	2770.0	2508.7	3186.9	264	174.4	194	217.3	115	263.1		
28.03.	2551	2655.6	2514	2495.9	3192	3168.6	2670	2681.1	2934	2803.9	2332	2633.9	3002	3019.1			2731.75	2750.3	2495.9	3168.6	247	196.1	110	217.6	259	253.9		
29.03.	2757	2656.9	2573	2498.1	2990	3128.7	2809	2681.6	2628	2811.1	2605	2620.4	3025	3005.4			2782.25	2741.3	2498.1	3128.7	166	208.4	238	228.1	275	243.6		
30.03.	2668	2636.4	2505	2488.6	2902	3059.3	2670	2673.0	2876	2839.4	2720	2639.4	3126	3001.4			2686.25	2714.3	2488.6	3059.3	267	228.0	289	230.3	281	239.4		
31.03.	2708	2643.3	2587	2484.3	2917	3011.9	2462	2651.7	2952	2871.0	2704	2633.7	2982	2994.4			2668.5	2697.8	2484.3	3011.9	384	259.0	302	235.3	264	234.9		
01.04.	2675	2643.1	2527	2488.0	2760	2986.6	2653	2657.3	2975	2878.7	2800	2638.9	3053	2988.3			2653.75	2693.8	2488.0	2986.6	376	281.6	255	235.1	246	228.9		
02.04.	2637	2640.4	2477	2533.0	2759	2939.9	2695	2663.1	3070	2912.7	2605	2613.9	2874	2967.6			2642.0	2694.1	2533.0	2939.9	420	303.4	201	227.0	107	221.0		
03.04.	2621	2659.6	2498	2525.9	3002	2931.7	2754	2673.3	2981	2916.6	2510	2610.9	2807	2981.3			2718.75	2697.6	2525.9	2931.7	398	322.6	176	224.4	59	213.0		
04.04.	2695	2680.1	2418	2512.1	2997	2903.9	2790	2690.4	2946	2918.3	2576	2645.7	3010	2982.4			2725.0	2696.6	2512.1	2903.9	246	322.4	128	227.0	244	210.9		
05.04.	2707	2673.0	2519	2504.4	2909	2892.3	2682	2672.3	2862	2951.7	2658	2653.3	3067	2988.4			2704.25	2685.5	2504.4	2892.3	182	324.7	164	216.4	258	208.4		
06.04.	2650	2670.4	2370	2485.1	2784	2875.4	2645	2668.7	3041	2975.3	2720	2653.3	3048	2977.3			2612.25	2674.9	2485.1	2875.4	291	328.1	267	213.3	238	202.3		
07.04.	2584	2652.7	2465	2467.7	2787	2856.9	2452	2667.3	3048	2989.0	2710	2654.1	3118	2996.7			2572.0	2661.1	2467.7	2856.9	338	321.6	292	211.9	217	195.6		
08.04.	2653	2649.6	2417	2452.0	2800	2862.6	2670	2669.7	3163	3015.9	2686	2637.9	3073	2999.6			2635.0	2658.5	2452.0	2862.6	343	316.9	281	215.6	175	185.4		
09.04.	2532	2634.6	2341	2432.6	2810	2869.9	2542	2647.9	2967	3001.1	2789	2664.1	2835	2994.0			2556.25	2646.2	2432.6	2869.9	325	303.3	248	222.3	84	182.1		
10.04.	2423	2606.3	2483	2430.4	2918	2857.9	2628	2629.9	2747	2967.7	2713	2693.1	2770	2988.7			2613.0	2631.1	2430.4	2857.9	208	276.1	213	227.6	56	181.7		
11.04.	2546	2585.0	2398	2427.6	2780	2826.9	2543	2594.6	2790	2945.4	2597	2696.1	2935	2978.0			2566.75	2608.5	2427.6	2826.9	201	269.7	114	225.6	210	176.9		
12.04.	2618	2572.3	2474	2421.1	2799	2811.1	2513	2570.4	2746	2928.9	2793	2715.4	2970	2964.1			2601.0	2593.8	2421.1	2811.1	170	268.0	200	230.7	201	168.7		
13.04.	2621	2568.1	2486	2437.7	2736	2804.3	2537	2555.0	2678	2877.0	2759	2721.0	3061	2966.0			2595.0	2591.3	2437.7	2804.3	165	250.0	290	234.0	176	159.9		
14.04.	2518	2558.7	2375	2424.9	2578	2774.4	2419	2550.3	2727	2831.1	2694	2718.7	3090	2962.0			2472.5	2577.1	2424.9	2774.4	219	233.0	313	237.0	193	156.4		
15.04.	2544	2543.1	2411	2424.0	2544	2737.9	2671	2550.4	2735	2770.0	2767	2730.3	2795	2922.3			2542.5	2563.9	2424.0	2737.9	233	217.3	260	234.0	73	141.9		
16.04.	2471	2534.4	2274	2414.4	2600	2707.9	2580	2555.9	2820	2749.0	2793	2730.9	2731	2907.4			2481.25	2553.1	2414.4	2707.9	192	198.3	237	232.4	61	138.6		
17.04.	2394	2530.3	2290	2386.9	2624	2665.9	2629	2556.0	2917	2773.3	2690	2727.6	2668	2892.9			2484.25	2534.8	2386.9	2665.9	174	193.4	195	229.9	52	138.0		
18.04.	2370	2505.1	2431	2391.6	2542	2631.9	2623	2567.4	2718	2763.0	2602	2728.3	2687	2857.4			2491.5	2524.0	2391.6	2631.9	125	182.6	129	232.0	61	116.7		
19.04.	2351	2467.0	2304	2367.3	2547	2595.9	2594	2579.0	2666	2751.6	2879	2740.6	2881	2844.7			2449.0	2502.3	2367.3	2595.9	119	175.3	218	234.6	217	119.0		
20.04.	2425	2439.0	2387	2353.1	2696	2590.1	2504	2574.3	2650	2747.6	2809	2747.7	2828	2811.4			2503.0	2489.1	2353.1	2590.1	150	173.1	301	236.1	180	119.6		
21.04.	2422	2425.3	2404	2357.3	2479	2576.0	2488	2584.1	2735	2748.7	2806	2763.7	2850	2777.1			2448.25	2485.7	2357.3	2584.1	141	162.0	291	233.0	146	112.9		
22.04.	2466	2414.1	2428	2359.7	2504	2570.3	2435	2550.4	2699	2743.6	2699	2754.0	2902	2792.4			2458.25	2473.6	2359.7	2570.3	125	146.6	277	235.4	113	118.6		
23.04.	2428	2408.0	2393	2376.7	2512	2557.7	2714	2569.6	2745	2732.9	2821	2758.0	2802	2802.6			2511.75	2478.0	2376.7	2569.6	117	135.9	248	237.0	50	117.0		
24.04.	2313	2396.4	2499	2406.6	2510	2541.4	2704	2580.3	2734	2706.7	2723	2762.7	2626	2796.6			2506.5	2481.2	2396.4	2580.3	84	123.0	186	235.7	24	113.0		
25.04.	2423	2404.0	2523	2419.7	2508	2536.6	2675	2587.7	2542	2681.6	2545	2754.6	2898	2826.7			2532.25	2487.0	2404.0	2587.7	80	116.6	99	231.4	173	129.0		
26.04.	2437	2416.3	2544	2454.0	2369	2511.1	2594	2587.7	2452	2651.0	2735	2734.0	2829	2819.3			2486.0	2492.3	2416.3	2587.7	30	103.9	210	230.3	129	116.4		
27.04.	2502	2427.3	2558	2478.4	2380	2466.0	2439	2578.4	2624	2647.3	2880	2744.1	2693	2800.0			2469.75	2487.5	2427.3	2578.4	75	93.1	242	221.9	126	108.7		
28.04.	2413	2426.0	2606	2507.3	2486	2467.0	2333	2556.3	2577	2624.7	2828	2747.3	2706	2779.4			2459.5	2489.1	2426.0	2556.3	83	84.9	231	213.3	108	103.3		
29.04.	2379	2413.6	2475	2514.0	2328	2441.9	2393	2550.3	2767	2634.4	2832	2766.3	2851	2772.1			2393.75	2479.9	2413.6	2550.3	58	75.3	206	203.1	80	98.6		
30.04.	2497	2423.4	2429	2519.1	2491	2438.9	2511	2521.3	2708	2629.1	2858	2771.6	2748	2764.4			2482.0	2475.7	2423.4	2521.3	71	68.7	184	194.0	34	96.3		
01.05.	2402	2436.1	2391	2503.7	2459	2431.6	2456	2485.9	2496	2595.1	2808	2783.7	2639	2766.3			2427.0	2464.3	2431.6	2503.7	48	63.6	135	186.7	18	95.4		
02.05.	2491	2445.9	2508	2501.6	2399	2416.0	2445	2453.0	2434	2579.7	2614	2793.6	2688	2736.3			2460.75	2454.1	2416.0	2501.6	36	57.3	96	186.3	136	90.1		
03.05.	2396	2440.0	2459	2489.4	2392	2419.3	2536	2444.7	2314	2560.0	2738	2794.0	2769	2727.7			2445.75	2448.4	2419.3	2489.4	16	55.3	140	176.3	108	87.1		
04.05.	2413	2427.3	2496	2480.6	2397	2421.7	2464	2448.3	2511	2543.9	2760	2776.9	2830	2747.3			2442.5	2444.5	2421.7	2480.6	41	50.4	209	171.6	95	82.7		
05.05.	2226	2400.6	2472	2461.4	2454	2417.1	2285	2441.4	2509	2534.1	2890	2785.7	2758	2754.7			2359.25	2430.1	2400.6	2461.4	45	45.0	190	165.7	81	78.9		
06.05.	2505	2418.6	2431	2455.1	2197	2398.4	2428	2446.4	2556	2504.0	2709	2768.1	2829	2751.6			2390.25	2429.6	2398.4	2455.1	40	42.4	150	157.7	67	77.0		
07.05.	2503	2419.4	2372	2447.0	2422	2388.6	2369	2426.1	2534	2479.1	2759	2754.0	2695	2744.0			2416.5	2420.3	2388.6	2447.0	49	39.3	156	153.7	24	75.6		
08.05.	2367	2414.4	2460	2456.9	2574	2405.0	2519	2435.1	2568	2489.4	2658	2732.6	2647	2745.1			2480.0	2427.9	2405.0	2456.9	45	38.9	95	148.0	23	76.3		
09.05.	2552	2423.1	2324	2430.6	2646	2440.3	2563	2452.0	2556	2506.9	2815	2761.3	2753	2754.4			2521.25	2436.5	2423.1	2452.0	24	37.1	70	144.3	90	69.7		
10.05.	2648	2459.1	2455	2430.0	2466	2450.9	2561	2455.6	2417	2521.6	2911	2786.0	2850	2766.0			2532.5	2448.9	2430.0	2459.1	14	36.9	105	139.3	93	67.6		
11.05.	2600	2485.9	2510	2432.0	2387	2449.4	2431	2450.9	2461	2514.4	2955	2813.9	2914	2778.0			2482.0	2454.5	2432.0	2485.9	26	34.7	142	129.7	67	63.6		
12.05.	2573	2535.4	2588	2448.6	2406	2442.6	2247	2445.4	2453	2506.4	2608	2773.6	2746	2776.3			2453.5	2468.0	2442.6	2535.4	33	33.0	139	122.4	72	62.3		
13.05.	2562	2543.6	2515	2460.6	2325	2460.9	2431	2445.9	2515	2500.6	2497	2743.3	2803	2772.6			2458.25	2477.7	2445.9	2543.6	27	31.1	74	111.6	61	61.4		
14.05.	2399	2528.7	2491	2477.6	2483	2469.6	2459	2458.7	2420	2484.3	2674	2731.1	2661	2767.7			2458.0	2483.6	2458.7	2528.7	20	27.0	85	101.4	20	60.9		
15.05.	2295	2518.4	2353	2462.3	2483	2456.6	2374	2438.0	2465	2469.6	2524	2712.0	2506	2747.6			2376.25	2468.8	2438.0	2518.4	31	25.0	83	99.7	9	58.9		
16.05.	2278	2479.3	2475	2483.9	2345	2413.6	2508	2430.1	2333	2437.7	2410	2654.1	2681	2737.3			2401.5	2451.7	2413.6	2483.9	20	24.4	48	96.6	82	57.7		
17.05.	2340	2435.3	2625	2508.1	2362	2398.7	2575	2432.1	2354	2428.7	2604	2610.3	2735	2720.9			2475.5	2443.6	2398.7	2508.1	8	23.6	82	93.3	67	54.0		
18.05.	2332	2397.0	2593	2520.0	2272	2382.3	2559	2450.4	2493	2433.3	2505	2546.0	2709	2691.6			2439.0	2437.4	2382.3	2520.0	23	23.1	91	86.0	64	53.6		
19.05.	2442	2378.3	2515	2509.6	2363	2376.1	2409	2473.6	2527	2443.9	2548	2537.4	2837	2704.6			2432.25	2434.4	2376.1	2509.6	26	22.1	75	76.9	48	50.1		
20.05.	2410	2356.6	2342	2484.9	2180	2355.4	2533	2488.1	2602	2456.3	2560	2546.4	2775	2700.6			2366.25	2421.2	2355.4	2488.1	23	21.6	63	75.3	34	46.3		
21.05.	2401	2356.9	2176	2439.9	2184	2312.7	2561	2502.7	2410	2454.9	2648	2542.7	2482	2675.0			2330.5	2403.0	2312.7	2502.7	7	19.7	68	72.9	20	46.3		
22.05.	2398	2371.6	2346	2438.9	2370	2296.6	2425	2510.0	2473	2456.0	2547	2546.0	2332	2650.1			2384.75	2404.2	2296.6	2510.0	16	17.6	45	67.4	12	46.7		
23.05.	2407	2390.0	2399	2428.0	2462	2313.3	2414	2496.6	2381	2462.9	2399	2544.4	2568	2634.0			2420.5	2407.0	2313.3	2496.6	11	16.3	23	63.9	78	46.1		
24.05.	2344	2390.6	2392	2394.7	2346	2311.0	2538	2491.3	2277	2451.9	2400	2515.3	2517	2602.9			2405.0	2396.9	2311.0	2491.3	5	15.9	23	55.4	51	43.9		
25.05.	2402	2400.6	2231	2343.0	2478	2340.4	2335	2459.3	2428	2442.6	2550	2521.7	2484	2570.7			2361.5	2385.8	2340.4	2459.3	13	14.4	52	49.9	38	40.1		
26.05.	2194	2365.1	2442	2332.6	2361	2340.1	2274	2440.0	2421	2427.4	2477	2511.6	2454	2516.0			2317.75	2369.5	2332.6	2440.0	15	12.9	62	48.0	6	34.1		
27.05.	2346	2356.0	2304	2327.1	2312	2359.0	2471	2431.1	2427	2402.4	2541	2508.9	2547	2483.4			2358.25	2368.3	2327.1	2431.1	12	11.3	44	45.3	25	32.9		
28.05.	2309	2342.9	2337	2350.1	2577	2415.1	2356	2401.9	2478	2412.1	2457	2481.6	2354	2465.1			2394.75	2377.5	2342.9	2415.1	10	11.7	36	40.7	7	31.0		
29.05.	2284	2326.6	2655	2394.3	2600	2448.0	2410	2399.7	2411	2403.3	2409	2461.9	2277	2457.3			2487.25	2392.1	2326.6	2448.0	8	10.6	27	38.1	7	30.3		
30.05.	2361	2320.0	2534	2413.6	2547	2460.1	2290	2382.0	2383	2403.6	2359	2456.1	2463	2442.3			2433.0	2393.9	2320.0	2460.1	4	9.6	17	37.3	49	26.1		
31.05.	2345	2320.1	2492	2427.9	2399	2467.7	2443	2368.4	2228	2396.6	2542	2476.4	2494	2439.0			2419.75	2396.0	2320.1	2467.7	3	9.3	25	37.6	47	25.6		
01.06.	2369	2315.4	2326	2441.4	2452	2464.0	2460	2386.3	2316	2380.6	2571	2479.4	2581	2452.9			2401.75	2401.8	2315.4	2464.0	5	8.1	25	33.7	41	26.0		
02.06.	2416	2347.1	2368	2430.9	2296	2454.7	2491	2417.3	2537	2397.1	2634	2501.9	2596	2473.1			2392.75	2412.5	2347.1	2454.7	8	7.1	32	29.4	33	29.9		
03.06.	2349	2347.6	2306	2431.1	2168	2434.1	2574	2432.0	2591	2420.6	2651	2517.6	2683	2492.6			2349.25	2411.2	2347.6	2434.1	10	6.9	18	25.7	29	30.4		
04.06.	2338	2351.7	2221	2414.6	2356	2402.6	2685	2479.0	2694	2451.4	2806	2567.4	2708	2543.1			2400.0	2412.0	2351.7	2479.0	7	6.4	14	22.6	6	30.3		
05.06.	2168	2335.1	2137	2340.6	2431	2378.4	2754	2528.1	2492	2463.0	2659	2603.1	2547	2581.7			2372.5	2395.6	2335.1	2528.1	5	6.0	17	21.1	13	31.1		
06.06.	2378	2337.6	2324	2310.6	2358	2351.4	2512	2559.9	2372	2461.4	2328	2598.7	2479	2584.0			2393.0	2389.9	2310.6	2559.9	5	6.1	10	20.1	9	25.4		
07.06.	2334	2336.0	2273	2279.3	2401	2351.7	2331	2543.9	2260	2466.0	2535	2597.7	2555	2592.7			2334.75	2377.7	2279.3	2543.9	4	6.3	12	18.3	79	30.0		
08.06.	2355	2334.0	2260	2269.9	2481	2355.9	2375	2531.7	2311	2465.3	2473	2583.7	2645	2601.9			2367.75	2372.9	2269.9	2531.7	3	6.0	12	16.4	62	33.0		
09.06.	2177	2299.9	2385	2272.3	2373	2366.9	2260	2498.7	2321	2434.4	2578	2575.7	2597	2602.0			2298.75	2359.4	2272.3	2498.7	1	5.0	11	13.4	44	34.6		
10.06.	2265	2287.9	2261	2265.9	2314	2387.7	2259	2453.7	2382	2404.6	2532	2558.7	2570	2585.9			2274.75	2348.8	2265.9	2453.7	10	5.0	10	12.3	58	38.7		
11.06.	2121	2256.9	2206	2263.7	2317	2382.1	2394	2412.1	2318	2350.9	2564	2524.1	2645	2576.9			2259.5	2328.7	2256.9	2412.1	1	4.1	11	11.9	14	39.9		
12.06.	2169	2257.0	2407	2302.3	2196	2348.6	2403	2362.0	2521	2355.0	2541	2507.3	2464	2565.0			2293.75	2317.5	2257.0	2362.0	12	5.1	4	10.0	13	39.9		
13.06.	2293	2244.9	2302	2299.1	2178	2322.9	2317	2334.1	2445	2365.4	2219	2491.7	2516	2570.3			2272.5	2300.2	2244.9	2334.1	1	4.6	7	9.6	91	51.6		
14.06.	2288	2238.3	2247	2295.4	2212	2295.9	2454	2351.7	2303	2371.6	2394	2471.6	2572	2572.7			2300.25	2295.3	2238.3	2351.7	6	4.9	14	9.9	79	51.6		
15.06.	2259	2224.6	2394	2314.6	2265	2265.0	2405	2356.0	2311	2371.6	2543	2481.6	2552	2559.4			2330.75	2290.0	2224.6	2356.0	4	5.0	10	9.6	77	53.7		
16.06.	2370	2252.1	2302	2302.7	2307	2255.6	2252	2354.9	2401	2383.0	2581	2482.0	2553	2553.1			2307.75	2291.3	2252.1	2354.9	11	6.4	9	9.3	32	52.0		
17.06.	2208	2244.0	2171	2289.9	2107	2226.0	2288	2359.0	2394	2384.7	2758	2514.3	2693	2570.7			2193.5	2279.7	2226.0	2359.0	7	6.0	7	8.9	80	55.1		
18.06.	2186	2253.3	2264	2298.1	2273	2219.7	2510	2375.6	2384	2394.1	2979	2573.6	2717	2581.0			2308.25	2286.7	2219.7	2375.6	3	6.3	4	7.9	18	55.7		
19.06.	2113	2245.3	2335	2287.9	2333	2239.3	2656	2411.7	2369	2372.4	2967	2634.4	2849	2636.0			2359.25	2296.0	2239.3	2411.7	9	5.9	1	7.4	19	56.6		
20.06.	2314	2248.3	2470	2311.9	2348	2263.6	2417	2426.0	2350	2358.9	2854	2725.1	2654	2655.7			2387.25	2312.4	2248.3	2426.0	4	6.3	2	6.7	132	62.4		
21.06.	2346	2256.6	2342	2325.4	2410	2291.9	2332	2408.6	2192	2343.0	2762	2777.7	2757	2682.1			2357.5	2320.6	2256.6	2408.6	3	5.9	5	5.4	95	64.7		
22.06.	2506	2291.9	2545	2347.0	2191	2281.3	2222	2382.4	2474	2366.3	2500	2771.6	2694	2702.4			2366.0	2325.6	2281.3	2382.4	1	5.4	9	5.3	78	64.9		
23.06.	2475	2306.9	2551	2382.6	2118	2254.3	2214	2377.0	2453	2373.7	2428	2749.7	2762	2732.3			2339.5	2330.2	2254.3	2382.6	4	4.4	3	4.4	93	73.6		
24.06.	2712	2378.9	2316	2403.3	2170	2263.3	2476	2403.9	2379	2371.6	2429	2702.7	2915	2764.0			2418.5	2362.3	2263.3	2403.9	2	3.7	5	4.1	97	76.0		
25.06.	2492	2422.6	2260	2402.7	2319	2269.9	2648	2423.6	2456	2381.9	2344	2612.0	2600	2747.3			2429.75	2379.7	2269.9	2423.6	5	4.0	6	4.4	38	78.9		
26.06.	2065	2415.7	2361	2406.4	2356	2273.1	2871	2454.3	2552	2408.0	2411	2532.6	2626	2715.4			2413.25	2387.4	2273.1	2454.3	7	3.7	0	4.3	24	79.6		
27.06.	2191	2398.1	2281	2379.4	2277	2263.0	2680	2491.9	2599	2443.6	2317	2455.9	2667	2717.3			2357.25	2383.1	2263.0	2491.9	2	3.4	2	4.3	137	80.3		
28.06.	2302	2391.9	2392	2386.6	2442	2267.6	2383	2499.1	2380	2470.4	2573	2428.9	2647	2701.6			2379.75	2386.3	2267.6	2499.1	0	3.0	4	4.1	137	86.3		
29.06.	2348	2369.3	2355	2359.4	2480	2308.9	2359	2518.7	2305	2446.3	2481	2426.1	2647	2694.9			2385.5	2389.1	2308.9	2518.7	4	3.4	7	3.9	105	90.1		
30.06.	2279	2341.3	2282	2321.0	2399	2349.0	2501	2559.7	2297	2424.0	2424	2425.6	2963	2723.6			2365.25	2392.8	2321.0	2559.7	1	3.0	1	3.6	97	90.7		
01.07.	2431	2301.1	2218	2307.0	2296	2367.0	2616	2579.7	2457	2435.1	2339	2412.7	2686	2690.9			2390.25	2388.7	2301.1	2579.7	5	3.4	5	3.6	90	89.7		
02.07.	2145	2251.6	2187	2296.6	2229	2354.1	2325	2533.6	2424	2430.6	2439	2426.3	2443	2668.4			2221.5	2359.0	2251.6	2533.6	4	3.3	4	3.3	20	87.1		
03.07.	2003	2242.7	2309	2289.1	2437	2365.7	2305	2452.7	2356	2402.6	2419	2427.4	2479	2647.4			2263.5	2337.6	2242.7	2452.7	6	3.1	2	3.6	19	86.4		
04.07.	2298	2258.0	2223	2280.9	2423	2386.6	2347	2405.1	2275	2356.3	2338	2430.4	2697	2651.7			2322.75	2332.6	2258.0	2405.1	2	3.1	2	3.6	145	87.6		
05.07.	2368	2267.4	2366	2277.1	2575	2405.6	2438	2413.0	2343	2351.0	2408	2406.9	2592	2643.9			2436.75	2340.8	2267.4	2413.0	4	3.7	2	3.3	129	86.4		
06.07.	2231	2250.7	2345	2275.7	2428	2398.1	2338	2410.0	2399	2364.4	2479	2406.6	2571	2633.0			2335.5	2333.6	2250.7	2410.0	6	4.0	5	3.0	139	91.3		
07.07.	2261	2248.1	2523	2310.1	2259	2378.1	2183	2364.6	2321	2367.9	2448	2410.0	2557	2575.0			2306.5	2325.2	2248.1	2378.1	4	4.4	3	3.3	106	92.6		
08.07.	2455	2251.6	2395	2335.4	2271	2374.6	2183	2302.7	2253	2338.7	2518	2435.6	2695	2576.3			2326.0	2316.1	2251.6	2374.6	6	4.6	2	2.9	101	94.1		
09.07.	2284	2271.4	2263	2346.3	2381	2396.3	2284	2296.9	2391	2334.0	2374	2426.3	2607	2599.7			2303.0	2327.7	2271.4	2396.3	5	4.7	7	3.3	51	98.6		
10.07.	2332	2318.4	2342	2351.0	2317	2379.1	2325	2299.7	2430	2344.6	2439	2429.1	2433	2593.1			2329.0	2337.1	2299.7	2379.1	3	4.3	6	3.9	28	99.9		
11.07.	2559	2355.7	2373	2372.4	2270	2357.3	2423	2310.6	2200	2333.9	2328	2427.7	2638	2584.7			2406.25	2349.0	2310.6	2372.4	0	4.0	0	3.6	193	106.7		
12.07.	2435	2365.3	2311	2364.6	2404	2332.9	2471	2315.3	2148	2306.0	2521	2443.9	2719	2602.9			2405.25	2344.5	2315.3	2365.3	1	3.6	4	3.9	204	117.4		
13.07.	2313	2377.0	2138	2335.0	2302	2314.9	2355	2317.7	2283	2289.4	2621	2464.1	2882	2647.3			2277.0	2336.1	2314.9	2377.0	5	3.4	6	4.0	163	120.9		
14.07.	2216	2370.6	2158	2282.9	2192	2305.3	2278	2331.3	2430	2305.0	2509	2472.9	2843	2688.1			2211.0	2322.5	2282.9	2370.6	2	3.1	6	4.4	164	129.1		
15.07.	2139	2325.4	2180	2252.1	2204	2295.7	2306	2348.9	2426	2329.7	2563	2479.3	2793	2702.1			2207.25	2305.5	2252.1	2348.9	6	3.1	2	4.4	159	137.4		
16.07.	2225	2317.0	2101	2229.0	2452	2305.9	2352	2358.6	2364	2325.9	2644	2517.9	2592	2700.0			2282.5	2302.6	2229.0	2358.6	7	3.4	4	4.0	40	135.9		
17.07.	2285	2310.3	2246	2215.3	2487	2330.1	2340	2360.7	2337	2312.6	2437	2517.6	2501	2709.7			2339.5	2304.1	2215.3	2360.7	7	4.0	5	3.9	32	136.4		
18.07.	2294	2272.4	2386	2217.1	2348	2341.3	2395	2356.7	2329	2331.0	2367	2523.1	2771	2728.7			2355.75	2296.9	2217.1	2356.7	0	4.0	3	4.3	238	142.9		
19.07.	2316	2255.4	2384	2227.6	2342	2332.4	2573	2371.3	2368	2362.4	2520	2523.0	3039	2774.4			2403.75	2296.7	2227.6	2371.3	4	4.4	4	4.3	206	143.1		
20.07.	2441	2273.7	2461	2273.7	2453	2354.0	2541	2397.9	2445	2385.6	2480	2502.9	3269	2829.7			2474.0	2324.8	2273.7	2397.9	4	4.3	9	4.7	214	150.4		
21.07.	2593	2327.6	2406	2309.1	2352	2376.9	2349	2408.0	2315	2369.1	2382	2484.7	3266	2890.1			2425.0	2355.4	2309.1	2408.0	4	4.6	7	4.9	214	157.6		
22.07.	2659	2401.9	2427	2344.4	2268	2386.0	2444	2427.7	2317	2353.6	2534	2480.6	2925	2909.0			2449.5	2390.0	2344.4	2427.7	9	5.0	5	5.3	173	159.6		
23.07.	2366	2422.0	2279	2369.9	2492	2391.7	2447	2441.3	2391	2357.4	2573	2470.4	2883	2950.6			2396.0	2406.2	2369.9	2441.3	3	4.4	4	5.3	29	158.0		
24.07.	2316	2426.4	2258	2371.6	2422	2382.4	2739	2498.3	2526	2384.4	2525	2483.0	2799	2993.1			2433.75	2419.7	2371.6	2498.3	10	4.9	10	6.0	43	159.6		
25.07.	2449	2448.6	2248	2351.9	2525	2407.7	3006	2585.6	2510	2410.3	2599	2516.1	3310	3070.1			2557.0	2448.4	2351.9	2585.6	3	5.3	1	5.7	301	168.6		
26.07.	2345	2452.7	2285	2337.7	2674	2455.1	3293	2688.4	2383	2412.4	2497	2512.9	3046	3071.1			2649.25	2483.5	2337.7	2688.4	0	4.7	5	5.9	189	166.1		
27.07.	2267	2427.9	2317	2317.1	2840	2510.4	3056	2762.0	2433	2410.7	2523	2519.0	2749	2996.9			2620.0	2504.4	2317.1	2762.0	7	5.1	7	5.6	185	162.0		
28.07.	2313	2387.9	2240	2293.4	2885	2586.6	2645	2804.3	2599	2451.3	2438	2527.0	2813	2932.1			2520.75	2518.0	2293.4	2804.3	4	5.1	20	7.4	157	153.9		
29.07.	2311	2338.1	2354	2283.0	2502	2620.0	2579	2823.6	2376	2459.7	2444	2514.1	2889	2927.0			2436.5	2516.2	2283.0	2823.6	6	4.7	10	8.1	131	147.9		
30.07.	2250	2321.6	2356	2294.0	2731	2654.1	2603	2845.9	2361	2455.4	2525	2507.3	2763	2909.9			2485.0	2528.9	2294.0	2845.9	5	5.0	15	9.7	28	147.7		
31.07.	2222	2308.1	2332	2304.6	2844	2714.4	2387	2795.6	2605	2466.7	2473	2499.9	2694	2894.9			2446.25	2530.7	2304.6	2795.6	13	5.4	9	9.6	28	145.6		
01.08.	2197	2272.1	2528	2344.6	3005	2783.0	2378	2705.9	2590	2478.1	2311	2458.7	2822	2825.1			2527.0	2526.4	2272.1	2783.0	1	5.1	6	10.3	213	133.0		
02.08.	2216	2253.7	2394	2360.1	2876	2811.9	2483	2590.1	2469	2490.4	2330	2434.9	2787	2788.1			2492.25	2504.0	2253.7	2811.9	1	5.3	12	11.3	133	125.0		
03.08.	2305	2259.1	2454	2379.7	3053	2842.3	2404	2497.0	2408	2486.9	2381	2414.6	2955	2817.6			2554.0	2494.5	2259.1	2842.3	9	5.6	12	12.0	139	118.4		
04.08.	2269	2252.9	2374	2398.9	3091	2871.7	2200	2433.4	2286	2442.1	2452	2416.6	3259	2881.3			2483.5	2489.2	2252.9	2871.7	6	5.9	11	10.7	133	115.0		
05.08.	2202	2237.3	2260	2385.4	2771	2910.1	2354	2401.3	2389	2444.0	2522	2427.7	3090	2910.0			2396.75	2483.5	2237.3	2910.1	3	5.4	16	11.6	111	112.1		
06.08.	2149	2222.9	2152	2356.3	2596	2890.9	2453	2379.9	2398	2449.3	2567	2433.7	2540	2878.1			2337.5	2462.5	2222.9	2890.9	7	5.7	18	12.0	27	112.0		
07.08.	2101	2205.6	2223	2340.7	2878	2895.7	2512	2397.7	2543	2440.4	2466	2432.7	2483	2848.0			2428.5	2459.9	2205.6	2895.7	5	4.6	14	12.7	20	110.9		
08.08.	2307	2221.3	2414	2324.4	2964	2889.9	2258	2380.6	2670	2451.9	2303	2431.6	2730	2834.9			2485.75	2454.0	2221.3	2889.9	2	4.7	6	12.7	159	103.1		
09.08.	2134	2209.6	2301	2311.1	2896	2892.7	2459	2377.1	2776	2495.7	2433	2446.3	2680	2819.6			2447.5	2447.6	2209.6	2892.7	2	4.9	18	13.6	109	99.7		
10.08.	2191	2193.3	2261	2283.6	2589	2826.4	2374	2372.9	2782	2549.1	2497	2462.9	2697	2782.7			2353.75	2419.0	2193.3	2826.4	2	3.9	24	15.3	113	96.0		
11.08.	2107	2170.1	2239	2264.3	2321	2716.4	2130	2362.9	3043	2657.3	2501	2469.9	2810	2718.6			2199.25	2378.4	2170.1	2716.4	2	3.3	23	17.0	90	89.9		
12.08.	2229	2174.0	2172	2251.7	2234	2639.7	2278	2352.0	3003	2745.0	2472	2462.7	2938	2696.9			2228.25	2354.4	2174.0	2639.7	10	4.3	28	18.7	97	87.9		
13.08.	2327	2199.4	2174	2254.9	2557	2634.1	2167	2311.1	2883	2814.3	2657	2475.6	2961	2757.0			2306.25	2349.9	2199.4	2634.1	2	3.6	18	18.7	20	86.9		
14.08.	2192	2212.4	2292	2264.7	2452	2573.3	2208	2267.7	2867	2860.6	2583	2492.3	2979	2827.9			2286.0	2329.5	2212.4	2573.3	6	3.7	20	19.6	23	87.3		
15.08.	2394	2224.9	2299	2248.3	2307	2479.4	2241	2265.3	2654	2858.3	2417	2508.6	2986	2864.4			2310.25	2304.5	2224.9	2479.4	4	4.0	13	20.6	132	83.4		
16.08.	2238	2239.7	2469	2272.3	2433	2413.3	2395	2256.1	2488	2817.1	2642	2538.4	3106	2925.3			2383.75	2295.4	2239.7	2413.3	5	4.4	23	21.3	137	87.4		
17.08.	2375	2266.0	2320	2280.7	2433	2391.0	2288	2243.9	2494	2776.0	2470	2534.6	2969	2964.1			2354.0	2295.4	2243.9	2391.0	8	5.3	37	23.1	121	88.6		
18.08.	2366	2303.0	2414	2305.7	2373	2398.4	2357	2276.3	2560	2707.0	2483	2532.0	2920	2979.9			2377.5	2320.9	2276.3	2398.4	10	6.4	45	26.3	89	88.4		
19.08.	2324	2316.6	2259	2318.1	2335	2412.9	2300	2279.4	2553	2642.7	2552	2543.4	2808	2961.3			2304.5	2331.8	2279.4	2412.9	1	5.1	36	27.4	69	84.4		
20.08.	2319	2315.4	2095	2306.9	2458	2398.7	2291	2297.1	2508	2589.1	2521	2524.0	2592	2908.6			2290.75	2329.5	2297.1	2398.7	7	5.9	35	29.9	19	84.3		
21.08.	2242	2322.6	2201	2293.9	2397	2390.9	2168	2291.4	2683	2562.9	2411	2499.4	2502	2840.4			2252.0	2324.7	2291.4	2390.9	3	5.4	27	30.9	17	83.4		
22.08.	2321	2312.1	2206	2280.6	2468	2413.9	2250	2292.7	2512	2542.6	2422	2500.1	2702	2799.9			2311.25	2324.8	2280.6	2413.9	2	5.1	21	32.0	114	80.9		
23.08.	2330	2325.3	2157	2236.0	2575	2434.1	2324	2282.6	2249	2508.4	2478	2476.7	2713	2743.7			2346.5	2319.5	2236.0	2434.1	0	4.4	48	35.6	72	71.6		
24.08.	2479	2340.1	2391	2246.1	2410	2430.9	2390	2297.1	2335	2485.7	2387	2464.9	2795	2718.9			2417.5	2328.6	2246.1	2430.9	5	4.0	57	38.4	69	64.1		
25.08.	2479	2356.3	2323	2233.1	2212	2407.9	2540	2323.3	2418	2465.4	2525	2470.9	2785	2699.6			2388.5	2330.1	2233.1	2407.9	2	2.9	59	40.4	51	58.7		
26.08.	2511	2383.0	2377	2250.0	2092	2373.1	2589	2364.6	2394	2442.7	2526	2467.1	2867	2708.0			2392.25	2342.7	2250.0	2383.0	2	3.0	51	42.6	55	56.7		
27.08.	2487	2407.0	2225	2268.6	2317	2353.0	2596	2408.1	2278	2409.9	2386	2447.9	2646	2715.7			2406.25	2359.2	2268.6	2408.1	1	2.1	53	45.1	16	56.3		
28.08.	2540	2449.6	2282	2280.1	2356	2347.1	2646	2476.4	2430	2373.7	2425	2449.9	2428	2705.1			2456.0	2388.3	2280.1	2476.4	3	2.1	54	49.0	17	56.3		
29.08.	2441	2466.7	2398	2307.6	2311	2324.7	2557	2520.3	2485	2369.9	2424	2450.1	2580	2687.7			2426.75	2404.8	2307.6	2520.3	2	2.1	29	50.1	92	53.1		
30.08.	2254	2455.9	2484	2354.3	2380	2296.9	2456	2539.1	2316	2379.4	2431	2443.4	2691	2684.6			2393.5	2411.5	2296.9	2539.1	3	2.6	54	51.0	64	52.0		
31.08.	2269	2425.9	2350	2348.4	2230	2271.1	2398	2540.3	2278	2371.3	2427	2449.1	2635	2661.7			2311.75	2396.4	2271.1	2540.3	4	2.4	77	53.9	64	51.3		
01.09.	2419	2417.3	2205	2331.6	2197	2269.0	2395	2519.6	2451	2376.0	2516	2447.9	2483	2618.6			2304.0	2384.4	2269.0	2519.6	3	2.6	71	55.6	47	50.7		
02.09.	2294	2386.3	2239	2311.9	2209	2285.7	2253	2471.6	2409	2378.1	2504	2444.7	2588	2578.7			2248.75	2363.9	2285.7	2471.6	3	2.7	82	60.0	43	49.0		
03.09.	2217	2347.7	2106	2294.9	2471	2307.7	2244	2421.3	2439	2401.1	2601	2475.4	2615	2574.3			2259.5	2342.9	2294.9	2421.3	7	3.6	65	61.7	23	50.0		
04.09.	2207	2300.1	2180	2280.3	2427	2317.9	2401	2386.3	2477	2407.9	2492	2485.0	2660	2607.4			2303.75	2321.1	2280.3	2386.3	7	4.1	60	62.6	12	49.3		
05.09.	2214	2267.7	2231	2256.4	2386	2328.6	2356	2357.6	2395	2395.0	2370	2477.3	2708	2625.7			2296.75	2302.6	2256.4	2357.6	7	4.9	24	61.9	86	48.4		
06.09.	2299	2274.1	2335	2235.1	2379	2328.4	2244	2327.3	2340	2398.4	2622	2504.6	2786	2639.3			2314.25	2291.2	2235.1	2328.4	4	5.0	70	64.1	59	47.7		
07.09.	2283	2276.1	2233	2218.4	2428	2356.7	2227	2302.9	2433	2420.6	2645	2535.7	2791	2661.6			2292.75	2288.5	2218.4	2356.7	6	5.3	89	65.9	45	45.0		
08.09.	2398	2273.1	2222	2220.9	2153	2350.4	2263	2284.0	2429	2417.4	2655	2555.6	2785	2704.7			2259.0	2282.1	2220.9	2350.4	19	7.6	62	64.6	45	44.7		
09.09.	2432	2292.9	2314	2231.6	2146	2341.4	2384	2302.7	2545	2436.9	2920	2615.0	2656	2714.4			2319.0	2292.1	2231.6	2341.4	9	8.4	74	63.4	52	46.0		
10.09.	2229	2294.6	2191	2243.7	2281	2314.3	2266	2305.9	2502	2445.9	2875	2654.1	2576	2708.9			2241.75	2289.6	2243.7	2314.3	6	8.3	71	64.3	10	44.1		
11.09.	2261	2302.3	2341	2266.7	2363	2305.1	2299	2291.3	2507	2450.1	2674	2680.1	2453	2679.3			2316.0	2291.4	2266.7	2305.1	12	9.0	58	64.0	14	44.4		
12.09.	2337	2319.9	2294	2275.7	2449	2314.1	2345	2289.7	2437	2456.1	2488	2697.0	2621	2666.9			2356.25	2299.9	2275.7	2319.9	8	9.1	25	64.1	92	45.3		
13.09.	2440	2340.0	2334	2275.6	2380	2314.3	2405	2312.7	2302	2450.7	2582	2691.3	2644	2646.6			2389.75	2310.6	2275.6	2340.0	8	9.7	58	62.4	67	46.4		
14.09.	2435	2361.7	2304	2285.7	2420	2313.1	2349	2330.1	2503	2460.7	2694	2698.3	2658	2627.6			2377.0	2322.7	2285.7	2361.7	5	9.6	76	60.6	61	48.7		
15.09.	2421	2365.0	2284	2294.6	2186	2317.9	2255	2329.0	2656	2493.1	2746	2711.3	2575	2597.6			2286.5	2326.6	2294.6	2365.0	16	9.1	83	63.6	49	49.3		
16.09.	2367	2355.7	2330	2296.9	2213	2327.4	2363	2326.0	2575	2497.4	2627	2669.4	2635	2594.6			2318.25	2326.5	2296.9	2355.7	15	10.0	52	60.4	53	49.4		
17.09.	2262	2360.4	2259	2306.6	2351	2337.4	2392	2344.0	2556	2505.1	2583	2627.7	2527	2587.6			2316.0	2337.1	2306.6	2360.4	9	10.4	56	58.3	12	49.7		
18.09.	2110	2338.9	2271	2296.6	2476	2353.6	2359	2352.6	2412	2491.6	2440	2594.3	2530	2598.6			2304.0	2335.4	2296.6	2353.6	14	10.7	37	55.3	15	49.9		
19.09.	2221	2322.3	2382	2309.1	2439	2352.1	2336	2351.3	2472	2496.6	2385	2579.6	2584	2593.3			2344.5	2333.7	2309.1	2352.1	12	11.3	23	55.0	119	53.7		
20.09.	2234	2292.9	2280	2301.4	2553	2376.9	2336	2341.4	2381	2507.9	2511	2569.4	2661	2595.7			2350.75	2328.1	2292.9	2376.9	10	11.6	56	54.7	92	57.3		
21.09.	2251	2266.6	2420	2318.0	2390	2372.6	2384	2346.4	2480	2504.6	2510	2543.1	2636	2592.6			2361.25	2325.9	2266.6	2372.6	18	13.4	58	52.1	88	61.1		
22.09.	2185	2232.9	2434	2339.4	2153	2367.9	2330	2357.1	2495	2481.6	2572	2518.3	2822	2627.9			2275.5	2324.3	2232.9	2367.9	15	13.3	60	48.9	70	64.1		
23.09.	2230	2213.3	2392	2348.3	2289	2378.7	2558	2385.0	2612	2486.9	2618	2517.0	2808	2652.6			2367.25	2331.3	2213.3	2385.0	11	12.7	53	49.0	83	68.4		
24.09.	2301	2218.9	2326	2357.9	2308	2372.6	2497	2400.0	2523	2482.1	2759	2542.1	2804	2692.1			2358.0	2337.3	2218.9	2400.0	18	14.0	58	49.3	33	71.4		
25.09.	2184	2229.4	2379	2373.3	2158	2327.1	2610	2435.9	2577	2505.7	2635	2570.0	2725	2720.0			2332.75	2341.4	2229.4	2435.9	15	14.1	43	50.1	24	72.7		
26.09.	2328	2244.7	2370	2371.6	2315	2309.4	2497	2458.9	2423	2498.7	2552	2593.9	2872	2761.1			2377.5	2346.1	2244.7	2458.9	26	16.1	25	50.4	186	82.3		
27.09.	2363	2263.1	2428	2392.7	2338	2278.7	2527	2486.1	2336	2492.3	2694	2620.0	2914	2797.3			2414.0	2355.2	2263.1	2486.1	7	15.7	62	51.3	165	92.7		
28.09.	2266	2265.3	2390	2388.4	2369	2275.7	2313	2476.0	2481	2492.4	2536	2623.7	2865	2830.0			2334.5	2351.4	2265.3	2476.0	19	15.9	67	52.6	157	102.6		
29.09.	2378	2292.9	2490	2396.4	2242	2288.4	2400	2486.0	2568	2502.9	2556	2621.4	2897	2840.7			2377.5	2365.9	2288.4	2486.0	14	15.7	83	55.9	146	113.4		
30.09.	2471	2327.3	2427	2401.4	2239	2281.3	2434	2468.3	2527	2490.7	2569	2614.4	2927	2857.7			2392.75	2369.6	2281.3	2468.3	16	16.4	67	57.9	126	119.6		
01.10.	2259	2321.3	2263	2392.4	2380	2291.6	2517	2471.1	2607	2502.7	2575	2588.1	3026	2889.4			2354.75	2369.1	2291.6	2471.1	26	17.6	65	58.9	40	120.6		
02.10.	2271	2333.7	2441	2401.3	2394	2325.3	2468	2450.9	2537	2497.0	2721	2600.4	2846	2906.7			2393.5	2377.8	2325.3	2450.9	25	19.0	52	60.1	30	121.4		
03.10.	2219	2318.1	2342	2397.3	2274	2319.4	2341	2428.6	2477	2504.7	2478	2589.9	2816	2898.7			2294.0	2365.9	2318.1	2428.6	12	17.0	26	60.3	58	103.1		
04.10.	2307	2310.1	2255	2372.6	2390	2326.9	2515	2426.9	2417	2516.3	2496	2561.6	2937	2902.0			2366.75	2359.1	2310.1	2426.9	9	17.3	61	60.1	355	130.3		
05.10.	2294	2314.1	2470	2384.0	2435	2336.3	2382	2436.7	2444	2511.0	2707	2586.0	2971	2917.1			2395.25	2367.8	2314.1	2436.7	34	19.4	94	64.0	285	148.6		
06.10.	2429	2321.4	2426	2374.9	2466	2368.3	2242	2414.1	2537	2506.6	2551	2585.3	3064	2941.0			2390.75	2369.7	2321.4	2414.1	27	21.3	96	65.9	261	165.0		
07.10.	2368	2306.7	2404	2371.6	2283	2374.6	2397	2408.9	2530	2507.0	2663	2598.7	3053	2959.0			2363.0	2365.4	2306.7	2408.9	34	23.9	81	67.9	194	174.7		
08.10.	2443	2333.0	2326	2380.6	2338	2368.6	2546	2413.0	2504	2492.3	2764	2625.7	2928	2945.0			2413.25	2373.8	2333.0	2413.0	43	26.3	71	68.7	50	176.1		
09.10.	2292	2336.0	2424	2378.1	2394	2368.6	2598	2431.6	2635	2506.3	2518	2596.7	2789	2936.9			2427.0	2378.6	2336.0	2431.6	44	29.0	49	68.3	52	179.3		
10.10.	2403	2362.3	2575	2411.4	2475	2397.3	2516	2456.6	2548	2516.4	2510	2601.3	3022	2966.3			2492.25	2406.9	2362.3	2456.6	39	32.9	37	69.9	372	224.1		
11.10.	2415	2377.7	2465	2441.4	2525	2416.6	2477	2451.1	2303	2500.1	2706	2631.3	3060	2983.9			2470.5	2421.7	2377.7	2451.1	25	35.1	81	72.7	283	213.9		
12.10.	2447	2399.6	2516	2448.0	2455	2419.4	2559	2476.4	2490	2506.7	2725	2633.9	3004	2988.6			2494.25	2435.9	2399.6	2476.4	59	38.7	104	74.1	275	212.4		
13.10.	2479	2406.7	2599	2472.7	2433	2414.7	2573	2523.7	2500	2501.4	2572	2636.9	3172	3004.0			2521.0	2454.5	2406.7	2523.7	57	43.0	96	74.1	274	214.3		
14.10.	2593	2438.9	2494	2485.6	2373	2427.6	2663	2561.7	2583	2509.0	2777	2653.1	3181	3022.3			2530.75	2478.4	2427.6	2561.7	63	47.1	91	75.6	214	217.1		
15.10.	2619	2464.0	2397	2495.7	2474	2447.0	2655	2577.3	2555	2516.3	2742	2650.0	3132	3051.4			2536.25	2496.0	2447.0	2577.3	82	52.7	106	80.6	52	217.4		
16.10.	2471	2489.6	2469	2502.1	2411	2449.4	2577	2574.3	2591	2510.0	2689	2674.4	3157	3104.0			2482.0	2503.9	2449.4	2574.3	90	59.3	59	82.0	50	217.1		
17.10.	2531	2507.9	2446	2483.7	2443	2444.9	2370	2553.4	2564	2512.3	2738	2707.0	3173	3125.6			2447.5	2497.5	2444.9	2553.4	60	62.3	44	83.0	367	216.4		
18.10.	2604	2534.9	2450	2481.6	2362	2421.6	2556	2564.7	2471	2536.3	2849	2727.4	3211	3147.1			2493.0	2500.7	2421.6	2564.7	54	66.4	137	91.0	301	219.0		
19.10.	2561	2551.1	2494	2478.4	2383	2411.3	2547	2563.0	2613	2553.9	2912	2754.1	3094	3160.0			2496.25	2501.0	2411.3	2563.0	87	70.4	187	102.9	245	214.7		
20.10.	2501	2554.3	2523	2467.6	2254	2385.7	2345	2530.4	2578	2565.0	2906	2801.9	3141	3155.6			2405.75	2484.5	2385.7	2554.3	129	80.7	154	111.1	218	206.7		
21.10.	2566	2550.4	2439	2459.7	2225	2364.6	2527	2511.0	2744	2588.0	2890	2818.0	3217	3160.7			2439.25	2471.4	2364.6	2550.4	143	92.1	191	125.4	192	203.6		
22.10.	2406	2520.0	2318	2448.4	2264	2334.6	2461	2483.3	2720	2611.6	2828	2830.3	3092	3155.0			2362.25	2446.6	2334.6	2520.0	205	109.7	177	135.6	38	201.6		
23.10.	2430	2514.1	2345	2430.7	2410	2334.4	2454	2465.7	2701	2627.3	2710	2833.3	2843	3110.1			2409.75	2436.2	2334.4	2514.1	199	125.3	145	147.9	61	203.1		
24.10.	2588	2522.3	2480	2435.6	2415	2330.4	2547	2491.0	2576	2629.0	2666	2823.0	3062	3094.3			2507.5	2444.8	2330.4	2522.3	123	134.3	58	149.9	317	196.0		
25.10.	2475	2503.9	2489	2441.1	2397	2335.4	2562	2491.9	2656	2655.4	2800	2816.0	3037	3069.4			2480.75	2443.1	2335.4	2503.9	125	144.4	162	153.4	180	178.7		
26.10.	2556	2503.1	2471	2437.9	2481	2349.4	2404	2471.4	2599	2653.4	2869	2809.9	3016	3058.3			2478.0	2440.5	2349.4	2503.1	242	166.6	204	155.9	170	168.0		
27.10.	2446	2495.3	2434	2425.1	2218	2344.3	2372	2475.3	2483	2639.9	2863	2803.7	3080	3049.6			2367.5	2435.0	2344.3	2495.3	237	182.0	219	165.1	150	158.3		
28.10.	2596	2499.6	2417	2422.0	2423	2372.6	2427	2461.0	2631	2623.7	2992	2818.3	3078	3029.7			2465.75	2438.8	2372.6	2499.6	247	196.9	230	170.7	129	149.3		
29.10.	2476	2509.6	2423	2437.0	2397	2391.6	2384	2450.0	2604	2607.1	2968	2838.3	3045	3023.0			2420.0	2447.0	2391.6	2509.6	269	206.0	202	174.3	31	148.3		
30.10.	2449	2512.3	2315	2432.7	2459	2398.6	2470	2452.3	2807	2622.3	2873	2861.6	3043	3051.6			2423.25	2449.0	2398.6	2512.3	261	214.9	148	174.7	40	145.3		
31.10.	2507	2500.7	2319	2409.7	2408	2397.6	2554	2453.3	2776	2650.9	3022	2912.4	2860	3022.7			2447.0	2440.3	2397.6	2500.7	194	225.0	108	181.9	127	118.1		
01.11.	2523	2507.6	2350	2389.9	2398	2397.7	2508	2445.6	2684	2654.9	2931	2931.1	2899	3003.0			2444.75	2435.2	2389.9	2507.6	169	231.3	157	181.1	138	112.1		
02.11.	2553	2507.1	2388	2378.0	2452	2393.6	2607	2474.6	2859	2692.0	2973	2946.0	2817	2974.6			2500.0	2438.3	2378.0	2507.1	279	236.6	299	194.7	151	109.4		
03.11.	2462	2509.4	2533	2392.1	2430	2423.9	2538	2498.3	2740	2728.7	2967	2960.9	2872	2944.9			2490.75	2455.9	2392.1	2509.4	330	249.9	322	209.4	110	103.7		
04.11.	2545	2502.1	2467	2399.3	2351	2413.6	2668	2532.7	2721	2741.6	2922	2950.9	2925	2923.0			2507.75	2461.9	2399.3	2532.7	318	260.0	311	221.0	107	100.6		
05.11.	2581	2517.1	2390	2394.6	2569	2438.1	2597	2563.1	2684	2753.0	2889	2939.6	2810	2889.4			2534.25	2478.2	2394.6	2563.1	340	270.1	281	232.3	23	99.4		
06.11.	2409	2511.4	2434	2411.6	2544	2450.3	2598	2581.4	2696	2737.1	2910	2944.9	2678	2837.3			2496.25	2488.7	2411.6	2581.4	253	269.0	171	235.6	25	97.3		
07.11.	2525	2514.0	2461	2431.9	2459	2457.6	2547	2580.4	2708	2727.4	2834	2918.0	2954	2850.7			2498.0	2496.0	2431.9	2580.4	218	272.4	128	238.4	181	105.0		
08.11.	2522	2513.9	2425	2442.6	2593	2485.4	2561	2588.0	2599	2715.3	3061	2936.6	3010	2866.6			2525.25	2507.5	2442.6	2588.0	167	272.1	297	258.4	100	99.6		
09.11.	2520	2509.1	2479	2455.6	2532	2496.9	2507	2573.7	2775	2703.3	3069	2950.3	2901	2878.6			2509.5	2508.8	2455.6	2573.7	324	278.6	404	273.4	106	93.1		
10.11.	2593	2527.9	2567	2460.4	2423	2495.9	2381	2551.3	2795	2711.1	2972	2951.0	2987	2895.0			2491.0	2508.9	2460.4	2551.3	349	281.3	366	279.7	85	89.6		
11.11.	2553	2529.0	2525	2468.7	2484	2514.9	2674	2552.1	2769	2718.0	2977	2958.9	2734	2867.7			2559.0	2516.2	2468.7	2552.1	418	295.6	417	294.9	85	86.4		
12.11.	2543	2523.6	2480	2481.6	2457	2498.9	2616	2554.9	2846	2741.1	3004	2975.3	2715	2854.1			2524.0	2514.7	2481.6	2554.9	434	309.0	348	304.4	24	86.6		
13.11.	2526	2540.3	2488	2489.3	2476	2489.1	2616	2557.4	2834	2760.9	3062	2997.0	2768	2867.0			2526.5	2519.0	2489.1	2557.4	416	332.3	274	319.1	24	86.4		
14.11.	2588	2549.3	2578	2506.0	2351	2473.7	2585	2562.9	2897	2787.9	2926	3010.1	2909	2860.6			2525.5	2523.0	2473.7	2562.9	371	354.1	177	326.1	133	79.6		
15.11.	2598	2560.1	2561	2525.4	2355	2439.7	2629	2572.6	2811	2818.1	3208	3031.1	3047	2865.9			2535.75	2524.5	2439.7	2572.6	224	362.3	344	332.9	103	80.0		
16.11.	2770	2595.9	2528	2532.4	2487	2433.3	2556	2579.6	2864	2830.9	3127	3039.4	2919	2868.4			2585.25	2535.3	2433.3	2595.9	450	380.3	480	343.7	82	76.6		
17.11.	2613	2598.7	2496	2522.3	2335	2420.7	2566	2606.0	2981	2857.4	3150	3064.9	2944	2862.3			2502.5	2536.9	2420.7	2606.0	514	403.9	458	356.9	81	76.0		
18.11.	2677	2616.4	2493	2517.7	2381	2406.0	2620	2598.3	2833	2866.6	3194	3095.9	3092	2913.4			2542.75	2534.6	2406.0	2616.4	533	420.3	496	368.1	81	75.4		
19.11.	2711	2640.4	2450	2513.4	2509	2413.4	2636	2601.1	2794	2859.1	3357	3146.3	2983	2951.7			2576.5	2542.1	2413.4	2640.4	568	439.4	459	384.0	22	75.1		
20.11.	2634	2655.9	2501	2515.3	2575	2427.6	2654	2606.6	2910	2870.0	3208	3167.1	2808	2957.4			2591.0	2551.3	2427.6	2655.9	534	456.3	252	380.9	21	74.7		
21.11.	2541	2649.1	2543	2510.3	2535	2453.9	2688	2621.3	2863	2865.1	3100	3192.0	3005	2971.1			2576.75	2558.6	2453.9	2649.1	344	452.4	214	386.1	150	77.1		
22.11.	2577	2646.1	2708	2531.3	2711	2504.7	2694	2630.6	2937	2883.1	3266	3200.3	3161	2987.4			2672.5	2578.2	2504.7	2646.1	285	461.1	474	404.7	112	78.4		
23.11.	2577	2618.6	2635	2546.6	2572	2516.9	2663	2645.9	3086	2914.9	3152	3203.9	3072	3009.3			2611.75	2582.0	2516.9	2645.9	474	464.6	565	416.9	97	80.6		
24.11.	2581	2614.0	2533	2551.9	2527	2544.3	2580	2647.9	3077	2928.6	3384	3237.3	3037	3022.6			2555.25	2589.5	2544.3	2647.9	515	464.7	521	425.9	87	81.4		
25.11.	2618	2605.6	2454	2546.3	2356	2540.7	2707	2660.3	3050	2959.6	3389	3265.1	3152	3031.1			2533.75	2588.2	2540.7	2660.3	592	473.1	488	424.7	107	85.1		
26.11.	2568	2585.1	2302	2525.1	2534	2544.3	2711	2671.0	3032	2993.6	3516	3287.9	2944	3025.6			2528.75	2581.4	2525.1	2671.0	658	486.0	485	428.4	28	86.0		
27.11.	2449	2558.7	2456	2518.7	2517	2536.0	2727	2681.4	3051	3013.7	3274	3297.3	2937	3044.0			2537.25	2573.7	2518.7	2681.4	626	499.1	363	444.3	22	86.1		
28.11.	2521	2555.9	2633	2531.6	2518	2533.6	2676	2679.7	3037	3038.6	3292	3324.7	3135	3062.6			2587.0	2575.2	2531.6	2679.7	407	508.1	193	441.3	202	93.6		
29.11.	2551	2552.1	2550	2509.0	2690	2530.6	2739	2686.1	2971	3043.4	3417	3346.3	3132	3058.4			2632.5	2569.5	2509.0	2686.1	328	514.3	424	434.1	119	94.6		
30.11.	2621	2558.4	2579	2501.0	2641	2540.4	2529	2667.0	3085	3043.3	3384	3379.4	3168	3072.1			2592.5	2566.7	2501.0	2667.0	539	523.6	507	425.9	120	97.9		
01.12.	2658	2569.4	2589	2509.0	2583	2548.4	2492	2654.4	3237	3066.1	3503	3396.4	3139	3086.7			2580.5	2570.3	2509.0	2654.4	656	543.7	501	423.0	106	100.6		
02.12.	2754	2588.9	2525	2519.1	2608	2584.4	2734	2658.3	3166	3082.7	3549	3419.3	3261	3102.3			2655.25	2587.7	2519.1	2658.3	740	564.9	478	421.6	130	103.9		
03.12.	2532	2583.7	2545	2553.9	2718	2610.7	2692	2655.6	3292	3119.9	3543	3423.1	3071	3120.4			2621.75	2601.0	2553.9	2655.6	852	592.6	423	412.7	33	104.6		
04.12.	2509	2592.3	2613	2576.3	2594	2621.7	2694	2650.9	3363	3164.4	3453	3448.7	3170	3153.7			2602.5	2610.3	2576.3	2650.9	813	619.3	318	406.3	31	105.9		
05.12.	2658	2611.9	2557	2565.4	2558	2627.4	2708	2655.4	3323	3205.3	3336	3455.0	3248	3169.9			2620.25	2615.0	2565.4	2655.4	515	634.7	209	408.6	209	106.9		
06.12.	2662	2627.7	2601	2572.7	2605	2615.3	2831	2668.6	3138	3229.1	3436	3457.7	3442	3214.1			2674.75	2621.1	2572.7	2668.6	365	640.0	403	405.6	140	109.9		
07.12.	2678	2635.9	2677	2586.7	2761	2632.4	2699	2692.9	3391	3272.9	3503	3474.7	3349	3240.0			2703.75	2637.0	2586.7	2692.9	701	663.1	452	397.7	157	115.1		
08.12.	2706	2642.7	2614	2590.3	2511	2622.1	2785	2734.7	3377	3292.9	3526	3478.0	3410	3278.7			2654.0	2647.5	2590.3	2734.7	862	692.6	443	389.4	150	121.4		
09.12.	2727	2638.9	2647	2607.7	2595	2620.3	2768	2739.6	3392	3325.1	3498	3470.7	3530	3317.1			2684.25	2651.6	2607.7	2739.6	849	708.1	399	378.1	161	125.9		
10.12.	2699	2662.7	2586	2613.6	2522	2592.3	2617	2728.9	3400	3340.6	3583	3476.4	3534	3383.3			2606.0	2649.4	2592.3	2728.9	1081	740.9	386	372.9	48	128.0		
11.12.	2663	2684.7	2724	2629.4	2622	2596.3	2704	2730.3	3571	3370.3	3275	3451.0	3366	3411.3			2678.25	2660.2	2596.3	2730.3	980	764.7	288	368.6	27	127.4		
12.12.	2704	2691.3	2692	2648.7	2611	2603.9	2812	2745.1	3429	3385.4	3211	3433.1	3533	3452.0			2704.75	2672.2	2603.9	2745.1	769	801.0	140	358.7	278	137.3		
13.12.	2718	2699.3	2659	2657.0	2587	2601.3	2790	2739.3	3443	3429.0	3306	3414.6	3658	3482.9			2688.5	2674.2	2601.3	2739.3	520	823.1	300	344.0	172	141.9		
14.12.	2700	2702.4	2705	2661.0	2599	2578.1	2772	2749.7	3523	3447.9	3364	3394.7	3729	3537.1			2694.0	2672.8	2578.1	2749.7	830	841.6	398	336.3	169	143.6		
15.12.	2784	2713.6	2677	2670.0	2508	2577.7	2638	2728.7	3498	3465.1	3363	3371.4	3630	3568.6			2651.75	2672.5	2577.7	2728.7	1016	863.6	376	326.7	173	146.9		
16.12.	2662	2704.3	2640	2669.0	2494	2563.3	2568	2700.1	3565	3489.9	3357	3351.3	3941	3627.3			2591.0	2659.2	2563.3	2704.3	1071	895.3	318	315.1	173	148.6		
17.12.	2629	2694.3	2407	2643.4	2678	2585.6	2848	2733.1	3602	3518.7	3296	3310.3	3732	3655.6			2640.5	2664.1	2585.6	2733.1	1167	907.6	305	303.6	46	148.3		
18.12.	2688	2697.9	2609	2627.0	2610	2583.9	2722	2735.7	3594	3522.0	3162	3294.1	3569	3684.6			2657.25	2661.1	2583.9	2735.7	1053	918.0	181	288.3	45	150.9		
19.12.	2748	2704.1	2635	2618.9	2744	2602.9	2776	2730.6	3520	3535.0	3161	3287.0	4003	3751.7			2725.75	2664.1	2602.9	2730.6	776	919.0	111	284.1	338	159.4		
20.12.	2788	2714.1	2626	2614.1	2777	2630.0	2801	2732.1	3422	3532.0	3160	3266.1	4184	3826.9			2748.0	2672.6	2614.1	2732.1	547	922.9	230	274.1	227	167.3		
21.12.	2716	2716.4	2705	2614.1	2836	2663.9	2723	2725.1	3681	3554.6	3177	3239.4	4121	3882.9			2745.0	2679.9	2614.1	2725.1	927	936.7	295	259.4	203	172.1		
22.12.	2765	2713.7	2771	2627.6	2791	2704.3	2624	2723.1	3769	3593.3	3170	3211.9	4192	3963.1			2737.75	2692.2	2627.6	2723.1	1199	962.9	249	241.3	178	172.9		
23.12.	2729	2723.3	2584	2619.6	2554	2712.9	2780	2753.4	3830	3631.1	3361	3212.4	4145	3992.3			2661.75	2702.3	2619.6	2753.4	1257	989.4	220	227.3	163	171.4		
24.12.	2918	2764.6	2570	2642.9	2623	2705.0	2605	2718.7	3588	3629.1	3212	3200.4	3940	4022.0			2679.0	2707.8	2642.9	2764.6	713	924.6	130	202.3	32	169.4		
25.12.	2712	2768.0	2531	2631.7	2448	2681.9	2585	2699.1	3559	3624.1	3325	3223.7	3836	4060.1			2569.0	2695.2	2631.7	2768.0	512	847.3	80	187.9	36	168.1		
26.12.	2781	2772.7	2611	2628.3	2537	2652.3	2556	2667.7	3488	3619.6	3074	3211.3	3842	4037.1			2621.25	2680.2	2628.3	2772.7	586	820.1	82	183.7	36	125.0		
27.12.	2839	2780.0	2821	2656.1	2616	2629.3	2653	2646.6	3639	3650.6	3300	3231.3	3826	3986.0			2732.25	2678.0	2629.3	2780.0	530	817.7	174	175.7	288	133.7		
28.12.	2831	2796.4	2649	2648.1	2704	2610.4	2502	2615.0	3879	3678.9	3291	3247.6	3894	3953.6			2671.5	2667.5	2610.4	2796.4	896	813.3	229	166.3	206	134.1		
29.12.	2751	2794.4	2570	2619.4	2573	2579.3	2523	2600.6	3747	3675.7	3249	3258.9	3855	3905.4			2604.25	2648.4	2579.3	2794.4	1252	820.9	197	158.9	154	130.7		
30.12.	2834	2809.4	2712	2637.7	2453	2564.9	2620	2577.7	3791	3670.1	3235	3240.9	3980	3881.9			2654.75	2647.4	2564.9	2809.4	1298	826.7	196	155.4	130	126.0		
31.12.	2796	2792.0	2758	2664.6	2579	2558.6	2707	2592.3	3575	3668.3	3192	3238.0	3864	3871.0			2710.0	2651.9	2558.6	2792.0	778	836.0	112	152.9	25	125.0		
