Date	sequences_total	BA.2	B.1.1.7	BA.1.1	AY.43	BA.2.9	AY.122	BA.5.1	BA.5.2	BA.1	BE.1.1
2021-01-25	1.0	0.0	0.0	0.0	0.0	0.0	0.0	0.0	0.0	0.0	0.0
2021-01-26	30.5	0.0	1.5	0.0	0.0	0.0	0.0	0.0	0.0	0.0	0.0
2021-01-27	119.0	0.0	1.0	0.0	0.0	0.0	0.0	0.0	0.0	0.0	0.0
2021-01-28	96.0	0.0	0.8	0.0	0.0	0.0	0.0	0.0	0.0	0.0	0.0
2021-01-29	149.2	0.0	7.2	0.0	0.0	0.0	0.0	0.0	0.0	0.0	0.0
2021-01-31	172.2	0.0	7.2	0.0	0.0	0.0	0.0	0.0	0.0	0.0	0.0
2021-02-01	220.1	0.0	9.3	0.0	0.0	0.0	0.0	0.0	0.0	0.0	0.0
2021-02-03	266.4	0.0	12.3	0.0	0.0	0.0	0.0	0.0	0.0	0.0	0.0
2021-02-04	299.1	0.0	16.1	0.0	0.0	0.0	0.0	0.0	0.0	0.0	0.0
2021-02-05	328.1	0.0	28.3	0.0	0.0	0.0	0.0	0.0	0.0	0.0	0.0
2021-02-06	369.1	0.0	32.3	0.0	0.0	0.0	0.0	0.0	0.0	0.0	0.0
2021-02-08	424.9	0.0	36.0	0.0	0.0	0.0	0.0	0.0	0.0	0.0	0.0
2021-02-09	469.9	0.0	44.0	0.0	0.0	0.0	0.0	0.0	0.0	0.0	0.0
2021-02-10	418.0	0.0	42.6	0.0	0.0	0.0	0.0	0.0	0.0	0.0	0.0
2021-02-11	474.6	0.0	58.0	0.0	0.0	0.0	0.0	0.0	0.0	0.0	0.0
2021-02-12	519.7	0.0	75.4	0.0	0.0	0.0	0.0	0.0	0.0	0.0	0.0
2021-02-13	455.0	0.0	65.1	0.0	0.0	0.0	0.0	0.0	0.0	0.0	0.0
2021-02-14	422.9	0.0	63.1	0.0	0.0	0.0	0.0	0.0	0.0	0.0	0.0
2021-02-15	589.1	0.0	100.6	0.0	0.0	0.0	0.0	0.0	0.0	0.0	0.0
2021-02-16	534.1	0.0	98.9	0.0	0.0	0.0	0.0	0.0	0.0	0.0	0.0
2021-02-17	578.3	0.0	107.0	0.0	0.0	0.0	0.0	0.0	0.0	0.0	0.0
2021-02-18	540.9	0.0	102.9	0.0	0.0	0.0	0.0	0.0	0.0	0.0	0.0
2021-02-19	474.9	0.0	86.3	0.0	0.0	0.0	0.0	0.0	0.0	0.0	0.0
2021-02-20	480.9	0.0	89.4	0.0	0.0	0.0	0.0	0.0	0.0	0.0	0.0
2021-02-22	714.0	0.0	164.6	0.0	0.0	0.0	0.0	0.0	0.0	0.0	0.0
2021-02-23	781.1	0.0	277.4	0.0	0.0	0.0	0.0	0.0	0.0	0.0	0.0
2021-02-24	847.6	0.0	297.9	0.0	0.0	0.0	0.0	0.0	0.0	0.0	0.0
2021-02-25	946.6	0.0	366.1	0.0	0.0	0.0	0.0	0.0	0.0	0.0	0.0
2021-02-26	1054.1	0.0	415.7	0.0	0.0	0.0	0.0	0.0	0.0	0.0	0.0
2021-02-27	1087.6	0.0	447.6	0.0	0.0	0.0	0.0	0.0	0.0	0.0	0.0
2021-02-28	1190.4	0.0	482.1	0.0	0.0	0.0	0.0	0.0	0.0	0.0	0.0
2021-03-01	1205.9	0.0	531.6	0.0	0.0	0.0	0.0	0.0	0.0	0.0	0.0
2021-03-02	982.9	0.0	433.4	0.0	0.0	0.0	0.0	0.0	0.0	0.0	0.0
2021-03-03	976.6	0.0	463.6	0.0	0.0	0.0	0.0	0.0	0.0	0.0	0.0
2021-03-04	973.0	0.0	436.3	0.0	0.0	0.0	0.0	0.0	0.0	0.0	0.0
2021-03-05	1067.3	0.0	505.7	0.0	0.0	0.0	0.0	0.0	0.0	0.0	0.0
2021-03-06	1103.1	0.0	526.0	0.0	0.0	0.0	0.0	0.0	0.0	0.0	0.0
2021-03-07	1140.1	0.0	566.3	0.0	0.0	0.0	0.0	0.0	0.0	0.0	0.0
2021-03-08	1136.1	0.0	576.3	0.0	0.0	0.0	0.0	0.0	0.0	0.0	0.0
2021-03-09	1068.7	0.0	542.9	0.0	0.0	0.0	0.0	0.0	0.0	0.0	0.0
2021-03-10	1118.4	0.0	567.3	0.0	0.0	0.0	0.0	0.0	0.0	0.0	0.0
2021-03-11	1140.7	0.0	619.7	0.0	0.0	0.0	0.0	0.0	0.0	0.0	0.0
2021-03-12	1120.6	0.0	628.4	0.0	0.0	0.0	0.0	0.0	0.0	0.0	0.0
2021-03-13	1053.1	0.0	592.3	0.0	0.0	0.0	0.0	0.0	0.0	0.0	0.0
2021-03-14	1050.3	0.0	609.6	0.0	0.0	0.0	0.0	0.0	0.0	0.0	0.0
2021-03-15	963.0	0.0	574.3	0.0	0.0	0.0	0.0	0.0	0.0	0.0	0.0
2021-03-16	1049.9	0.0	624.0	0.0	0.0	0.0	0.0	0.0	0.0	0.0	0.0
2021-03-17	1150.3	0.0	646.9	0.0	0.0	0.0	0.0	0.0	0.0	0.0	0.0
2021-03-18	1160.4	0.0	643.6	0.0	0.0	0.0	0.0	0.0	0.0	0.0	0.0
2021-03-19	1228.9	0.0	730.0	0.0	0.0	0.0	0.0	0.0	0.0	0.0	0.0
2021-03-20	1258.9	0.0	752.0	0.0	0.0	0.0	0.0	0.0	0.0	0.0	0.0
2021-03-21	1241.3	0.0	760.7	0.0	0.0	0.0	0.0	0.0	0.0	0.0	0.0
2021-03-22	1322.3	0.0	826.0	0.0	0.0	0.0	0.0	0.0	0.0	0.0	0.0
2021-03-23	1502.3	0.0	931.0	0.0	0.0	0.0	0.0	0.0	0.0	0.0	0.0
2021-03-24	1482.0	0.0	986.0	0.0	0.0	0.0	0.0	0.0	0.0	0.0	0.0
2021-03-25	1509.3	0.0	1046.4	0.0	0.0	0.0	0.0	0.0	0.0	0.0	0.0
2021-03-26	1492.0	0.0	1067.3	0.0	0.0	0.0	0.0	0.0	0.0	0.0	0.0
2021-03-27	1502.4	0.0	1080.9	0.0	0.0	0.0	0.0	0.0	0.0	0.0	0.0
2021-03-28	1486.1	0.0	1066.0	0.0	0.0	0.0	0.0	0.0	0.0	0.0	0.0
2021-03-29	1573.1	0.0	1154.3	0.0	0.0	0.0	0.0	0.0	0.0	0.0	0.0
2021-03-30	1451.6	0.0	1130.9	0.0	0.0	0.0	0.0	0.0	0.0	0.0	0.0
2021-03-31	1371.0	0.0	1088.4	0.0	0.0	0.0	0.0	0.0	0.0	0.0	0.0
2021-04-01	1462.7	0.0	1179.7	0.0	0.0	0.0	0.0	0.0	0.0	0.0	0.0
2021-04-02	1320.6	0.0	1066.6	0.0	0.0	0.0	0.0	0.0	0.0	0.0	0.0
2021-04-03	1361.9	0.0	1100.7	0.0	0.0	0.0	0.0	0.0	0.0	0.0	0.0
2021-04-04	1343.3	0.0	1095.9	0.0	0.0	0.0	0.0	0.0	0.0	0.0	0.0
2021-04-05	1107.4	0.0	930.3	0.0	0.0	0.0	0.0	0.0	0.0	0.0	0.0
2021-04-06	1092.4	0.0	921.6	0.0	0.0	0.0	0.0	0.0	0.0	0.0	0.0
2021-04-07	1188.7	0.0	955.0	0.0	0.0	0.0	0.0	0.0	0.0	0.0	0.0
2021-04-08	1077.1	0.0	837.7	0.0	0.0	0.0	0.0	0.0	0.0	0.0	0.0
2021-04-09	1244.4	0.0	978.1	0.0	0.0	0.0	0.0	0.0	0.0	0.0	0.0
2021-04-10	1347.9	0.0	1079.9	0.0	0.0	0.0	0.0	0.0	0.0	0.0	0.0
2021-04-11	1346.6	0.0	1082.9	0.0	0.0	0.0	0.0	0.0	0.0	0.0	0.0
2021-04-12	1583.4	0.0	1283.4	0.0	0.0	0.0	0.0	0.0	0.0	0.0	0.0
2021-04-13	1553.4	0.0	1264.6	0.0	0.0	0.0	0.0	0.0	0.0	0.0	0.0
2021-04-14	1527.3	0.0	1289.0	0.0	0.0	0.0	0.0	0.0	0.0	0.0	0.0
2021-04-15	1649.4	0.0	1446.1	0.0	0.0	0.0	0.0	0.0	0.0	0.0	0.0
2021-04-16	1865.6	0.0	1648.9	0.0	0.0	0.0	0.0	0.0	0.0	0.0	0.0
2021-04-17	1776.0	0.0	1571.6	0.0	0.0	0.0	0.0	0.0	0.0	0.0	0.0
2021-04-18	1889.9	0.0	1679.6	0.0	0.0	0.0	0.0	0.0	0.0	0.0	0.0
2021-04-19	1907.1	0.0	1704.9	0.0	0.0	0.0	0.0	0.0	0.0	0.0	0.0
2021-04-20	2105.9	0.0	1890.1	0.0	0.0	0.0	0.0	0.0	0.0	0.0	0.0
2021-04-21	2152.6	0.0	1948.3	0.0	0.0	0.0	0.0	0.0	0.0	0.0	0.0
2021-04-22	2274.6	0.0	2044.9	0.0	0.0	0.0	0.0	0.0	0.0	0.0	0.0
2021-04-23	2143.0	0.0	1954.7	0.0	0.0	0.0	0.0	0.0	0.0	0.0	0.0
2021-04-24	2160.0	0.0	1967.7	0.0	0.0	0.0	0.0	0.0	0.0	0.0	0.0
2021-04-25	2125.9	0.0	1892.4	0.0	0.0	0.0	0.0	0.0	0.0	0.0	0.0
2021-04-26	2242.6	0.0	2006.7	0.0	0.0	0.0	0.0	0.0	0.0	0.0	0.0
2021-04-27	2376.7	0.0	2131.6	0.0	0.0	0.0	0.0	0.0	0.0	0.0	0.0
2021-04-28	2496.0	0.0	2237.9	0.0	0.0	0.0	0.0	0.0	0.0	0.0	0.0
2021-04-29	2281.7	0.0	2032.3	0.0	0.0	0.0	0.0	0.0	0.0	0.0	0.0
2021-04-30	2308.4	0.0	2044.9	0.0	0.0	0.0	0.1	0.0	0.0	0.0	0.0
2021-05-01	2292.7	0.0	2031.7	0.0	0.0	0.0	0.1	0.0	0.0	0.0	0.0
2021-05-02	2287.6	0.0	2077.3	0.0	0.0	0.0	0.1	0.0	0.0	0.0	0.0
2021-05-03	2396.9	0.0	2170.4	0.0	0.0	0.0	0.1	0.0	0.0	0.0	0.0
2021-05-04	2237.6	0.0	2009.3	0.0	0.0	0.0	0.3	0.0	0.0	0.0	0.0
2021-05-05	2140.6	0.0	1925.0	0.0	0.0	0.0	0.3	0.0	0.0	0.0	0.0
2021-05-06	2360.9	0.0	2176.0	0.0	0.0	0.0	0.3	0.0	0.0	0.0	0.0
2021-05-07	2385.0	0.0	2200.6	0.0	0.0	0.0	0.6	0.0	0.0	0.0	0.0
2021-05-08	2294.0	0.0	2112.0	0.0	0.0	0.0	0.6	0.0	0.0	0.0	0.0
2021-05-09	2332.3	0.0	2132.4	0.0	0.0	0.0	0.9	0.0	0.0	0.0	0.0
2021-05-10	2116.6	0.0	1924.1	0.0	0.0	0.0	0.9	0.0	0.0	0.0	0.0
2021-05-11	2084.7	0.0	1907.9	0.0	0.0	0.0	0.7	0.0	0.0	0.0	0.0
2021-05-12	2213.0	0.0	2032.4	0.0	0.0	0.0	0.9	0.0	0.0	0.0	0.0
2021-05-13	1931.1	0.0	1760.4	0.0	0.0	0.0	0.9	0.0	0.0	0.0	0.0
2021-05-14	1725.9	0.0	1556.6	0.0	0.0	0.0	0.4	0.0	0.0	0.0	0.0
2021-05-15	1892.3	0.0	1714.7	0.0	0.0	0.0	0.4	0.0	0.0	0.0	0.0
2021-05-16	1733.3	0.0	1575.0	0.0	0.0	0.0	0.1	0.0	0.0	0.0	0.0
2021-05-17	1856.3	0.0	1686.3	0.0	0.0	0.0	0.7	0.0	0.0	0.0	0.0
2021-05-18	1683.4	0.0	1529.6	0.0	0.0	0.0	0.7	0.0	0.0	0.0	0.0
2021-05-19	1552.1	0.0	1405.4	0.0	0.0	0.0	1.1	0.0	0.0	0.0	0.0
2021-05-20	1554.1	0.0	1397.9	0.0	0.0	0.0	1.7	0.0	0.0	0.0	0.0
2021-05-21	1639.7	0.0	1472.0	0.0	0.0	0.0	2.6	0.0	0.0	0.0	0.0
2021-05-22	1550.6	0.0	1387.6	0.0	0.0	0.0	2.9	0.0	0.0	0.0	0.0
2021-05-23	1646.3	0.0	1476.3	0.0	0.0	0.0	3.0	0.0	0.0	0.0	0.0
2021-05-24	1169.4	0.0	1060.0	0.0	0.0	0.0	2.7	0.0	0.0	0.0	0.0
2021-05-25	1317.0	0.0	1182.1	0.0	0.0	0.0	4.1	0.0	0.0	0.0	0.0
2021-05-26	1295.1	0.0	1149.0	0.0	0.0	0.0	3.9	0.0	0.0	0.0	0.0
2021-05-27	1441.7	0.0	1268.1	0.0	0.0	0.0	3.7	0.0	0.0	0.0	0.0
2021-05-28	1298.7	0.0	1150.3	0.0	0.0	0.0	3.1	0.0	0.0	0.0	0.0
2021-05-29	1325.1	0.0	1173.7	0.0	0.0	0.0	3.0	0.0	0.0	0.0	0.0
2021-05-31	1558.1	0.0	1372.4	0.0	0.0	0.0	4.1	0.0	0.0	0.0	0.0
2021-06-01	1696.7	0.0	1491.7	0.0	0.0	0.0	4.6	0.0	0.0	0.0	0.0
2021-06-02	1683.1	0.0	1491.1	0.0	0.0	0.0	3.7	0.0	0.0	0.0	0.0
2021-06-03	1500.9	0.0	1331.0	0.0	0.0	0.0	4.0	0.0	0.0	0.0	0.0
2021-06-04	1658.6	0.0	1495.7	0.0	0.0	0.0	5.4	0.0	0.0	0.0	0.0
2021-06-05	1503.9	0.0	1356.0	0.0	0.0	0.0	5.3	0.0	0.0	0.0	0.0
2021-06-07	1495.4	0.0	1328.4	0.0	0.0	0.0	7.7	0.0	0.0	0.0	0.0
2021-06-08	1231.4	0.0	1095.6	0.0	0.0	0.0	7.0	0.0	0.0	0.0	0.0
2021-06-09	1169.9	0.0	1038.7	0.0	0.0	0.0	7.3	0.0	0.0	0.0	0.0
2021-06-10	1053.1	0.0	931.9	0.0	0.0	0.0	7.4	0.0	0.0	0.0	0.0
2021-06-11	1163.6	0.0	1020.7	0.0	0.0	0.0	10.3	0.0	0.0	0.0	0.0
2021-06-12	734.3	0.0	619.0	0.0	0.0	0.0	9.9	0.0	0.0	0.0	0.0
2021-06-13	733.6	0.0	611.1	0.0	0.0	0.0	10.9	0.0	0.0	0.0	0.0
2021-06-14	759.0	0.0	634.3	0.0	0.0	0.0	16.3	0.0	0.0	0.0	0.0
2021-06-15	706.7	0.0	569.0	0.0	0.0	0.0	16.9	0.0	0.0	0.0	0.0
2021-06-16	731.1	0.0	595.7	0.0	0.0	0.0	17.9	0.0	0.0	0.0	0.0
2021-06-17	704.4	0.0	569.1	0.0	0.0	0.0	18.9	0.0	0.0	0.0	0.0
2021-06-18	647.1	0.0	499.3	0.0	0.0	0.0	24.3	0.0	0.0	0.0	0.0
2021-06-19	615.0	0.0	474.3	0.0	0.0	0.0	23.0	0.0	0.0	0.0	0.0
2021-06-20	574.4	0.0	443.4	0.0	0.0	0.0	21.9	0.0	0.0	0.0	0.0
2021-06-21	533.1	0.0	405.6	0.0	0.0	0.0	22.4	0.0	0.0	0.0	0.0
2021-06-22	512.0	0.0	396.7	0.0	0.0	0.0	21.7	0.0	0.0	0.0	0.0
2021-06-23	488.4	0.0	364.4	0.0	0.0	0.0	25.0	0.0	0.0	0.0	0.0
2021-06-24	436.6	0.0	310.0	0.0	0.0	0.0	23.3	0.0	0.0	0.0	0.0
2021-06-25	531.4	0.0	378.4	0.0	0.0	0.0	35.3	0.0	0.0	0.0	0.0
2021-06-27	520.4	0.0	368.9	0.0	0.0	0.0	35.3	0.0	0.0	0.0	0.0
2021-06-28	604.7	0.0	405.9	0.0	0.0	0.0	51.3	0.0	0.0	0.0	0.0
2021-06-29	529.6	0.0	343.3	0.0	0.0	0.0	45.6	0.0	0.0	0.0	0.0
2021-06-30	527.4	0.0	330.9	0.0	0.0	0.0	55.1	0.0	0.0	0.0	0.0
2021-07-01	446.0	0.0	267.3	0.0	0.0	0.0	54.4	0.0	0.0	0.0	0.0
2021-07-02	451.0	0.0	250.6	0.0	0.0	0.0	66.3	0.0	0.0	0.0	0.0
2021-07-03	253.4	0.0	109.0	0.0	0.0	0.0	51.1	0.0	0.0	0.0	0.0
2021-07-05	329.1	0.0	143.4	0.0	1.4	0.0	64.4	0.0	0.0	0.0	0.0
2021-07-06	317.9	0.0	160.1	0.0	1.6	0.0	51.3	0.0	0.0	0.0	0.0
2021-07-07	336.6	0.0	156.7	0.0	1.7	0.0	60.1	0.0	0.0	0.0	0.0
2021-07-08	310.3	0.0	142.7	0.0	1.9	0.0	55.6	0.0	0.0	0.0	0.0
2021-07-09	371.0	0.0	149.7	0.0	5.4	0.0	71.3	0.0	0.0	0.0	0.0
2021-07-11	332.7	0.0	130.7	0.0	6.1	0.0	67.0	0.0	0.0	0.0	0.0
2021-07-12	351.7	0.0	128.9	0.0	8.0	0.0	71.1	0.0	0.0	0.0	0.0
2021-07-13	310.7	0.0	101.0	0.0	8.4	0.0	66.7	0.0	0.0	0.0	0.0
2021-07-14	283.9	0.0	61.1	0.0	8.9	0.0	74.3	0.0	0.0	0.0	0.0
2021-07-15	247.7	0.0	48.3	0.0	10.4	0.0	65.4	0.0	0.0	0.0	0.0
2021-07-16	294.7	0.0	50.9	0.0	15.6	0.0	75.1	0.0	0.0	0.0	0.0
2021-07-17	254.1	0.0	45.3	0.0	14.4	0.0	60.6	0.0	0.0	0.0	0.0
2021-07-18	231.1	0.0	40.6	0.0	14.0	0.0	53.4	0.0	0.0	0.0	0.0
2021-07-19	223.3	0.0	37.6	0.0	15.4	0.0	52.7	0.0	0.0	0.0	0.0
2021-07-20	259.3	0.0	33.3	0.0	20.7	0.0	60.0	0.0	0.0	0.0	0.0
2021-07-21	251.7	0.0	23.4	0.0	24.4	0.0	55.6	0.0	0.0	0.0	0.0
2021-07-22	278.0	0.0	34.6	0.0	25.3	0.0	58.4	0.0	0.0	0.0	0.0
2021-07-23	287.9	0.0	33.1	0.0	28.6	0.0	56.7	0.0	0.0	0.0	0.0
2021-07-24	281.0	0.0	31.0	0.0	30.0	0.0	53.6	0.0	0.0	0.0	0.0
2021-07-25	321.7	0.0	33.1	0.0	36.4	0.0	60.6	0.0	0.0	0.0	0.0
2021-07-26	375.6	0.0	32.4	0.0	47.0	0.0	63.0	0.0	0.0	0.0	0.0
2021-07-27	395.1	0.0	35.6	0.0	53.0	0.0	58.0	0.0	0.0	0.0	0.0
2021-07-28	444.3	0.0	36.1	0.0	59.1	0.0	67.1	0.0	0.0	0.0	0.0
2021-07-29	481.7	0.0	32.1	0.0	66.0	0.0	75.7	0.0	0.0	0.0	0.0
2021-07-30	572.0	0.0	82.3	0.0	66.3	0.0	76.9	0.0	0.0	0.0	0.0
2021-07-31	591.0	0.0	81.1	0.0	69.1	0.0	79.7	0.0	0.0	0.0	0.0
2021-08-01	575.0	0.0	79.6	0.0	67.1	0.0	75.1	0.0	0.0	0.0	0.0
2021-08-02	629.0	0.0	79.1	0.0	78.9	0.0	86.6	0.0	0.0	0.0	0.0
2021-08-03	603.9	0.0	74.0	0.0	75.1	0.0	85.9	0.0	0.0	0.0	0.0
2021-08-04	601.4	0.0	70.9	0.0	76.9	0.0	86.1	0.0	0.0	0.0	0.0
2021-08-05	578.6	0.0	62.1	0.0	78.6	0.0	81.6	0.0	0.0	0.0	0.0
2021-08-06	526.6	0.0	10.9	0.0	83.9	0.0	89.3	0.0	0.0	0.0	0.0
2021-08-07	550.7	0.0	11.0	0.0	88.7	0.0	93.3	0.0	0.0	0.0	0.0
2021-08-08	592.7	0.0	10.9	0.0	98.9	0.0	101.9	0.0	0.0	0.0	0.0
2021-08-09	550.7	0.0	9.3	0.0	89.7	0.0	92.9	0.0	0.0	0.0	0.0
2021-08-10	552.1	0.0	7.7	0.0	88.6	0.0	92.4	0.0	0.0	0.0	0.0
2021-08-11	561.3	0.0	7.0	0.0	90.3	0.0	98.0	0.0	0.0	0.0	0.0
2021-08-12	624.1	0.0	9.0	0.0	98.3	0.0	112.3	0.0	0.0	0.0	0.0
2021-08-13	656.9	0.0	9.3	0.0	102.7	0.0	117.3	0.0	0.0	0.0	0.0
2021-08-14	682.0	0.0	9.0	0.0	107.3	0.0	121.4	0.0	0.0	0.0	0.0
2021-08-15	629.9	0.0	8.7	0.0	95.0	0.0	112.0	0.0	0.0	0.0	0.0
2021-08-16	696.3	0.0	9.1	0.0	107.3	0.0	128.1	0.0	0.0	0.0	0.0
2021-08-17	700.9	0.0	13.7	0.0	110.1	0.0	128.7	0.0	0.0	0.0	0.0
2021-08-18	640.9	0.0	12.9	0.0	104.1	0.0	112.4	0.0	0.0	0.0	0.0
2021-08-19	708.0	0.0	10.6	0.0	120.7	0.0	120.9	0.0	0.0	0.0	0.0
2021-08-20	824.4	0.0	9.1	0.0	147.4	0.0	138.0	0.0	0.0	0.0	0.0
2021-08-21	780.3	0.0	8.9	0.0	137.6	0.0	132.6	0.0	0.0	0.0	0.0
2021-08-22	789.1	0.0	9.1	0.0	139.4	0.0	136.9	0.0	0.0	0.0	0.0
2021-08-23	738.1	0.0	8.3	0.0	140.7	0.0	127.9	0.0	0.0	0.0	0.0
2021-08-24	843.0	0.0	4.0	0.0	160.6	0.0	151.0	0.0	0.0	0.0	0.0
2021-08-25	1010.1	0.0	4.4	0.0	185.1	0.0	183.3	0.0	0.0	0.0	0.0
2021-08-26	947.4	0.0	5.4	0.0	167.9	0.0	170.7	0.0	0.0	0.0	0.0
2021-08-27	1102.3	0.0	6.0	0.0	189.0	0.0	200.0	0.0	0.0	0.0	0.0
2021-08-28	1271.7	0.0	6.1	0.0	216.4	0.0	224.1	0.0	0.0	0.0	0.0
2021-08-29	1272.1	0.0	6.3	0.0	215.0	0.0	222.7	0.0	0.0	0.0	0.0
2021-08-30	1275.1	0.0	6.3	0.0	205.1	0.0	221.1	0.0	0.0	0.0	0.0
2021-08-31	1311.7	0.0	7.1	0.0	209.4	0.0	221.4	0.0	0.0	0.0	0.0
2021-09-01	1286.7	0.0	6.9	0.0	197.6	0.0	219.6	0.0	0.0	0.0	0.0
2021-09-02	1508.4	0.0	5.7	0.0	231.9	0.0	258.6	0.0	0.0	0.0	0.0
2021-09-03	1463.6	0.0	4.6	0.0	219.1	0.0	245.0	0.0	0.0	0.0	0.0
2021-09-05	1433.7	0.0	5.3	0.0	210.7	0.0	245.3	0.0	0.0	0.0	0.0
2021-09-06	1585.7	0.0	5.0	0.0	231.9	0.0	275.3	0.0	0.0	0.0	0.0
2021-09-07	1870.3	0.0	5.0	0.0	277.7	0.0	320.9	0.0	0.0	0.0	0.0
2021-09-08	1789.0	0.0	4.0	0.0	256.9	0.0	310.4	0.0	0.0	0.0	0.0
2021-09-09	1878.6	0.0	4.0	0.0	282.6	0.0	314.9	0.0	0.0	0.0	0.0
2021-09-10	1901.9	0.0	4.0	0.0	283.6	0.0	315.6	0.0	0.0	0.0	0.0
2021-09-11	1790.0	0.0	4.1	0.0	266.6	0.0	294.4	0.0	0.0	0.0	0.0
2021-09-12	1708.0	0.0	3.0	0.0	256.9	0.0	274.7	0.0	0.0	0.0	0.0
2021-09-13	1789.4	0.0	4.1	0.0	272.3	0.0	281.1	0.0	0.0	0.0	0.0
2021-09-14	1645.4	0.0	3.4	0.0	252.4	0.0	255.1	0.0	0.0	0.0	0.0
2021-09-15	1791.3	0.0	3.1	0.0	284.4	0.0	277.9	0.0	0.0	0.0	0.0
2021-09-16	1737.7	0.0	4.1	0.0	273.0	0.0	273.3	0.0	0.0	0.0	0.0
2021-09-17	1819.9	0.0	4.1	0.0	299.6	0.0	281.9	0.0	0.0	0.0	0.0
2021-09-18	1565.7	0.0	3.6	0.0	262.9	0.0	243.0	0.0	0.0	0.0	0.0
2021-09-19	1546.4	0.0	4.4	0.0	257.3	0.0	243.3	0.0	0.0	0.0	0.0
2021-09-20	1700.1	0.0	3.1	0.0	286.6	0.0	270.4	0.0	0.0	0.0	0.0
2021-09-21	1866.7	0.0	3.6	0.0	317.1	0.0	289.6	0.0	0.0	0.0	0.0
2021-09-22	1959.9	0.0	4.0	0.0	335.6	0.0	300.3	0.0	0.0	0.0	0.0
2021-09-23	1969.4	0.0	2.7	0.0	337.1	0.0	298.9	0.0	0.0	0.0	0.0
2021-09-24	1958.6	0.0	2.3	0.0	333.1	0.0	308.4	0.0	0.0	0.0	0.0
2021-09-25	2222.9	0.0	2.3	0.0	375.0	0.0	347.6	0.0	0.0	0.0	0.0
2021-09-27	2361.4	0.0	2.1	0.0	406.6	0.0	367.3	0.0	0.0	0.0	0.0
2021-09-28	2183.7	0.0	1.9	0.0	376.9	0.0	333.7	0.0	0.0	0.0	0.0
2021-09-29	2144.6	0.0	1.4	0.0	364.3	0.0	337.9	0.0	0.0	0.0	0.0
2021-09-30	2039.7	0.0	0.9	0.0	346.0	0.0	322.4	0.0	0.0	0.0	0.0
2021-10-01	2300.7	0.0	1.3	0.0	393.6	0.0	366.7	0.0	0.0	0.0	0.0
2021-10-02	1961.4	0.0	1.1	0.0	333.1	0.0	305.7	0.0	0.0	0.0	0.0
2021-10-03	1789.4	0.0	1.1	0.0	307.9	0.0	281.1	0.0	0.0	0.0	0.0
2021-10-04	1763.3	0.0	0.6	0.0	306.3	0.0	278.0	0.0	0.0	0.0	0.0
2021-10-05	1654.3	0.0	1.9	0.0	288.9	0.0	264.6	0.0	0.0	0.0	0.0
2021-10-06	1534.3	0.0	1.9	0.0	277.9	0.0	235.6	0.0	0.0	0.0	0.0
2021-10-07	1488.1	0.0	2.0	0.0	261.3	0.0	235.7	0.0	0.0	0.0	0.0
2021-10-08	1248.3	0.0	1.6	0.0	215.3	0.0	203.4	0.0	0.0	0.0	0.0
2021-10-09	1297.3	0.0	1.7	0.0	227.0	0.0	210.1	0.0	0.0	0.0	0.0
2021-10-10	1284.1	0.0	1.7	0.0	224.3	0.0	205.7	0.0	0.0	0.0	0.0
2021-10-11	1341.0	0.0	1.6	0.0	226.3	0.0	210.9	0.0	0.0	0.0	0.0
2021-10-12	1350.4	0.0	0.3	0.0	227.4	0.0	212.0	0.0	0.0	0.0	0.0
2021-10-13	1384.6	0.0	0.3	0.0	232.4	0.0	228.1	0.0	0.0	0.0	0.0
2021-10-14	1311.0	0.0	7.7	0.0	226.1	0.0	210.0	0.0	0.0	0.0	0.0
2021-10-15	1358.7	0.0	7.7	0.0	242.4	0.0	221.9	0.0	0.0	0.0	0.0
2021-10-17	1300.6	0.0	7.6	0.0	229.6	0.0	212.3	0.0	0.0	0.0	0.0
2021-10-18	1582.4	0.0	7.6	0.0	277.7	0.0	259.0	0.0	0.0	0.0	0.0
2021-10-19	1515.6	0.0	7.6	0.0	269.6	0.0	255.7	0.0	0.0	0.0	0.0
2021-10-20	1494.3	0.0	7.6	0.0	266.4	0.0	252.6	0.0	0.0	0.0	0.0
2021-10-21	1395.0	0.0	7.6	0.0	242.3	0.0	234.4	0.0	0.0	0.0	0.0
2021-10-22	1570.7	0.0	0.0	0.0	274.0	0.0	269.7	0.0	0.0	0.0	0.0
2021-10-23	1403.7	0.0	0.0	0.0	245.3	0.0	232.7	0.0	0.0	0.0	0.0
2021-10-24	1451.7	0.0	0.0	0.0	261.1	0.0	237.7	0.0	0.0	0.0	0.0
2021-10-25	1318.1	0.0	0.0	0.0	244.3	0.0	223.4	0.0	0.0	0.0	0.0
2021-10-26	1251.9	0.0	0.0	0.0	230.1	0.0	211.1	0.0	0.0	0.0	0.0
2021-10-27	1226.7	0.0	0.0	0.0	222.9	0.0	206.1	0.0	0.0	0.0	0.0
2021-10-28	1396.0	0.0	5.4	0.0	263.4	0.0	229.0	0.0	0.0	0.0	0.0
2021-10-29	1400.4	0.0	5.4	0.0	264.4	0.0	214.4	0.0	0.0	0.0	0.0
2021-10-30	1390.0	0.0	5.4	0.0	270.1	0.0	209.1	0.0	0.0	0.0	0.0
2021-10-31	1375.9	0.0	5.4	0.0	264.1	0.0	206.7	0.0	0.0	0.0	0.0
2021-11-01	1166.0	0.0	5.4	0.0	222.6	0.0	168.9	0.0	0.0	0.0	0.0
2021-11-02	1269.6	0.0	5.4	0.0	251.4	0.0	182.7	0.0	0.0	0.0	0.0
2021-11-03	1368.9	0.0	5.4	0.0	273.1	0.0	202.4	0.0	0.0	0.0	0.0
2021-11-04	1304.4	0.0	0.0	0.0	259.9	0.0	203.4	0.0	0.0	0.0	0.0
2021-11-05	1329.9	0.0	0.0	0.0	274.4	0.0	218.1	0.0	0.0	0.0	0.0
2021-11-06	1239.3	0.0	0.0	0.0	246.3	0.0	206.1	0.0	0.0	0.0	0.0
2021-11-07	1254.7	0.0	0.0	0.0	247.9	0.0	207.9	0.0	0.0	0.0	0.0
2021-11-08	1536.3	0.0	0.0	0.0	317.6	0.0	244.9	0.0	0.0	0.0	0.0
2021-11-09	1431.6	0.0	0.0	0.0	298.6	0.0	232.1	0.0	0.0	0.0	0.0
2021-11-10	1618.1	0.0	0.0	0.0	351.9	0.0	260.0	0.0	0.0	0.0	0.0
2021-11-11	1551.7	0.0	0.0	0.0	338.0	0.0	247.3	0.0	0.0	0.0	0.0
2021-11-12	1537.1	0.0	0.0	0.0	332.9	0.0	243.7	0.0	0.0	0.0	0.0
2021-11-13	1633.9	0.0	0.0	0.0	359.1	0.0	261.3	0.0	0.0	0.0	0.0
2021-11-14	1695.7	0.0	0.0	0.0	372.7	0.0	274.4	0.0	0.0	0.0	0.0
2021-11-15	1621.6	0.0	0.0	0.0	352.1	0.0	268.3	0.0	0.0	0.0	0.0
2021-11-16	1669.0	0.0	0.0	0.0	360.4	0.0	275.4	0.0	0.0	0.0	0.0
2021-11-17	1468.9	0.0	0.0	0.0	315.6	0.0	244.7	0.0	0.0	0.0	0.0
2021-11-18	1526.1	0.0	0.0	0.0	325.3	0.0	252.4	0.0	0.0	0.0	0.0
2021-11-19	1547.6	0.0	0.0	0.0	327.9	0.0	251.6	0.0	0.0	0.0	0.0
2021-11-20	1647.9	0.0	0.3	0.0	341.1	0.0	266.6	0.0	0.0	0.0	0.0
2021-11-21	1531.0	0.0	0.3	0.0	323.4	0.0	247.1	0.0	0.0	0.0	0.0
2021-11-22	1658.6	0.0	0.3	0.0	349.0	0.0	269.4	0.0	0.0	0.0	0.0
2021-11-23	1656.0	0.0	0.3	0.0	343.1	0.0	270.3	0.0	0.0	0.0	0.0
2021-11-24	1761.7	0.0	0.3	0.0	366.4	0.0	287.4	0.0	0.0	0.0	0.0
2021-11-25	1902.6	0.0	1.7	0.0	405.9	0.0	305.9	0.0	0.0	0.0	0.0
2021-11-26	1950.7	0.0	1.7	0.0	425.0	0.0	313.1	0.0	0.0	0.0	0.0
2021-11-27	1964.7	0.0	1.4	0.0	429.0	0.0	319.6	0.0	0.0	0.0	0.0
2021-11-28	1955.1	0.0	1.4	0.0	420.9	0.0	318.9	0.0	0.0	0.0	0.0
2021-11-29	1898.0	0.0	1.7	0.0	403.3	0.0	312.9	0.0	0.0	0.0	0.0
2021-11-30	2016.6	0.0	1.7	0.0	441.6	0.0	326.0	0.0	0.0	0.0	0.0
2021-12-01	2122.9	0.0	1.7	0.0	461.9	0.0	341.6	0.0	0.0	0.0	0.0
2021-12-02	2333.4	0.0	0.4	0.0	520.1	0.0	375.6	0.0	0.0	0.3	0.0
2021-12-03	2499.4	0.0	0.4	0.0	555.1	0.0	398.0	0.0	0.0	1.9	0.0
2021-12-04	2475.3	0.0	0.4	0.0	552.3	0.0	387.6	0.0	0.0	1.9	0.0
2021-12-05	2544.1	0.0	0.4	0.0	567.0	0.0	399.3	0.0	0.0	1.9	0.0
2021-12-06	2510.3	0.0	0.1	0.0	568.0	0.0	386.3	0.0	0.0	2.3	0.0
2021-12-07	2590.4	0.0	0.1	0.0	578.7	0.0	407.0	0.0	0.0	4.0	0.0
2021-12-08	2486.4	0.0	0.1	0.1	563.4	0.0	384.6	0.0	0.0	4.9	0.0
2021-12-09	2361.0	0.0	0.0	0.1	527.9	0.0	358.1	0.0	0.0	5.4	0.0
2021-12-10	2176.9	0.0	0.0	0.3	492.3	0.0	327.7	0.0	0.0	6.0	0.0
2021-12-11	2087.3	0.0	0.0	1.3	476.0	0.0	314.0	0.0	0.0	7.0	0.0
2021-12-12	2130.4	0.0	0.0	1.3	489.0	0.0	321.9	0.0	0.0	7.4	0.0
2021-12-13	2422.0	0.0	0.0	1.7	569.6	0.0	356.4	0.0	0.0	8.9	0.0
2021-12-14	2306.6	0.0	0.0	1.7	535.1	0.0	342.6	0.0	0.0	7.4	0.0
2021-12-15	2335.3	0.0	0.0	1.7	536.1	0.0	342.7	0.0	0.0	7.6	0.0
2021-12-16	2345.1	0.0	0.1	2.3	525.1	0.0	354.1	0.0	0.0	9.1	0.0
2021-12-17	2674.3	0.0	0.3	5.9	594.0	0.0	399.6	0.0	0.0	12.7	0.0
2021-12-18	2562.4	0.0	0.3	4.9	568.1	0.0	382.3	0.0	0.0	11.9	0.0
2021-12-19	2595.4	0.0	0.3	5.1	577.1	0.0	386.3	0.0	0.0	11.9	0.0
2021-12-20	2436.9	0.0	0.3	7.7	515.0	0.0	374.0	0.0	0.0	13.7	0.0
2021-12-21	2581.7	0.0	0.3	9.9	538.3	0.0	392.0	0.0	0.0	22.3	0.0
2021-12-22	2616.1	0.1	0.3	19.3	528.7	0.0	401.3	0.0	0.0	29.3	0.0
2021-12-23	2566.4	0.1	0.3	27.4	518.7	0.0	372.4	0.0	0.0	34.7	0.0
2021-12-24	2421.3	0.1	0.3	40.4	487.3	0.0	344.6	0.0	0.0	45.7	0.0
2021-12-25	2443.7	0.1	0.3	41.4	489.4	0.0	346.7	0.0	0.0	47.4	0.0
2021-12-26	2659.1	0.1	0.3	50.6	538.0	0.0	372.0	0.0	0.0	55.9	0.0
2021-12-27	2501.6	0.1	0.3	57.9	506.0	0.0	338.7	0.0	0.0	60.0	0.0
2021-12-28	2362.4	0.4	0.3	63.0	492.0	0.1	305.0	0.0	0.0	58.6	0.0
2021-12-29	2309.3	0.3	0.4	61.7	489.3	0.1	295.0	0.0	0.0	57.9	0.0
2021-12-30	2148.3	1.1	0.3	75.3	448.6	0.1	269.9	0.0	0.0	65.9	0.0
2021-12-31	1899.4	1.7	0.1	105.0	370.6	0.3	221.9	0.0	0.0	75.1	0.0
2022-01-01	1920.7	1.7	0.1	105.4	371.9	0.3	223.7	0.0	0.0	74.1	0.0
2022-01-02	1691.1	1.7	0.1	118.4	309.1	0.3	180.1	0.0	0.0	77.7	0.0
2022-01-03	1811.7	2.0	0.1	131.9	321.3	0.3	191.9	0.0	0.0	92.9	0.0
2022-01-04	1809.1	1.9	0.1	132.4	313.7	0.1	191.9	0.0	0.0	94.4	0.0
2022-01-05	1874.7	1.9	0.0	170.1	306.6	0.1	183.6	0.0	0.0	119.0	0.0
2022-01-06	1838.3	1.3	0.0	188.1	293.6	0.1	175.7	0.0	0.0	124.0	0.0
2022-01-07	2301.3	2.7	0.0	257.7	347.6	0.1	210.4	0.0	0.0	180.7	0.0
2022-01-08	2460.4	4.4	0.0	302.4	362.7	0.1	216.9	0.0	0.0	201.9	0.0
2022-01-09	2412.6	4.6	0.0	293.3	352.0	0.1	217.6	0.0	0.0	196.7	0.0
2022-01-10	2570.1	6.1	0.0	329.6	376.7	0.1	212.3	0.0	0.0	219.0	0.0
2022-01-11	2504.1	7.1	0.0	356.0	347.7	0.1	192.0	0.0	0.0	231.7	0.0
2022-01-12	2703.3	10.1	0.0	426.4	349.1	0.1	185.4	0.0	0.0	271.1	0.0
2022-01-13	2800.6	13.0	0.0	473.1	332.9	0.1	175.1	0.0	0.0	303.9	0.0
2022-01-14	2688.3	16.3	0.0	494.4	294.6	0.4	152.7	0.0	0.0	305.3	0.0
2022-01-15	2731.1	16.1	0.0	506.6	293.6	0.9	153.3	0.0	0.0	314.1	0.0
2022-01-16	2971.3	19.4	0.0	585.0	303.1	1.1	156.0	0.0	0.0	352.7	0.0
2022-01-17	2905.3	22.3	0.0	648.0	238.6	1.4	134.4	0.0	0.0	375.7	0.0
2022-01-18	3102.0	27.0	0.0	721.0	239.3	2.0	130.3	0.0	0.0	415.1	0.0
2022-01-19	3108.3	35.3	0.0	712.9	223.9	4.7	143.1	0.0	0.0	404.9	0.0
2022-01-20	3238.4	47.3	0.0	779.4	220.1	6.4	141.9	0.0	0.0	427.4	0.0
2022-01-21	3053.0	49.7	0.0	797.1	175.3	6.9	115.0	0.0	0.0	422.7	0.0
2022-01-22	3118.7	58.0	0.0	831.0	172.4	7.0	109.4	0.0	0.0	434.6	0.0
2022-01-23	2753.3	55.1	0.0	750.4	138.1	6.7	90.0	0.0	0.0	394.0	0.0
2022-01-24	2955.9	67.9	0.0	845.9	138.6	11.3	86.1	0.0	0.0	434.7	0.0
2022-01-25	2936.7	69.0	0.0	849.4	135.4	11.3	88.9	0.0	0.0	418.9	0.0
2022-01-26	2990.6	79.9	0.0	940.3	118.4	10.3	60.4	0.0	0.0	445.7	0.0
2022-01-27	2780.6	83.7	0.0	895.6	100.4	13.7	50.7	0.0	0.0	412.7	0.0
2022-01-28	3104.9	124.1	0.0	1064.6	96.1	19.9	48.0	0.0	0.0	444.6	0.0
2022-01-29	3141.3	138.6	0.0	1119.0	83.4	20.7	44.1	0.0	0.0	450.0	0.0
2022-01-30	3334.7	149.9	0.0	1206.0	85.4	24.1	45.1	0.0	0.0	478.3	0.0
2022-01-31	3346.9	166.7	0.0	1248.3	73.9	23.7	40.7	0.0	0.0	464.7	0.0
2022-02-01	3478.0	175.9	0.0	1289.4	82.9	26.0	52.6	0.0	0.0	479.1	0.0
2022-02-02	3613.4	213.6	0.0	1375.3	66.3	34.6	45.6	0.0	0.0	500.6	0.0
2022-02-03	3754.0	219.4	0.0	1449.6	64.4	32.0	42.7	0.0	0.0	518.4	0.0
2022-02-04	3566.0	235.6	0.0	1385.4	56.9	30.7	39.7	0.0	0.0	475.6	0.0
2022-02-05	3332.0	222.6	0.0	1299.7	53.6	30.9	37.4	0.0	0.0	440.3	0.0
2022-02-06	3429.4	245.4	0.0	1349.1	52.3	35.4	36.6	0.0	0.0	440.0	0.0
2022-02-07	3545.0	273.1	0.0	1430.1	50.0	35.6	36.7	0.0	0.0	448.9	0.0
2022-02-08	3468.9	294.9	0.0	1454.0	29.1	39.7	17.0	0.0	0.0	441.7	0.0
2022-02-09	3218.0	286.7	0.0	1398.3	25.6	39.0	14.3	0.0	0.0	389.0	0.0
2022-02-10	3468.6	355.4	0.0	1509.6	25.9	44.6	13.1	0.0	0.0	407.0	0.0
2022-02-11	3518.9	362.0	0.0	1545.9	22.0	52.4	10.6	0.0	0.0	406.3	0.0
2022-02-12	3616.6	391.7	0.0	1573.1	21.9	54.4	10.7	0.0	0.0	413.3	0.0
2022-02-13	3349.0	367.9	0.0	1449.4	20.3	47.6	10.6	0.0	0.0	385.6	0.0
2022-02-14	3494.6	410.1	0.0	1495.6	23.6	57.6	16.4	0.0	0.0	370.7	0.0
2022-02-15	3440.1	426.7	0.0	1478.6	19.4	60.0	13.6	0.0	0.0	353.3	0.0
2022-02-16	3699.9	475.9	0.0	1567.1	21.6	64.3	13.7	0.0	0.0	382.3	0.0
2022-02-17	3606.3	505.1	0.0	1518.1	17.7	73.1	13.6	0.0	0.0	352.0	0.0
2022-02-18	3662.9	590.7	0.0	1527.4	16.7	82.3	13.0	0.0	0.0	341.1	0.0
2022-02-19	3552.3	579.9	0.0	1479.0	16.7	81.9	12.9	0.0	0.0	329.7	0.0
2022-02-20	3812.0	657.6	0.0	1575.6	17.0	95.7	12.6	0.0	0.0	341.1	0.0
2022-02-21	3898.1	741.3	0.0	1625.7	10.1	105.3	3.1	0.0	0.0	349.4	0.0
2022-02-22	3837.6	753.9	0.0	1601.3	9.4	105.4	2.9	0.0	0.0	334.7	0.0
2022-02-23	3722.9	819.9	0.1	1525.0	11.0	114.1	3.6	0.0	0.0	298.4	0.0
2022-02-24	3599.1	824.6	0.1	1456.3	11.3	115.6	4.3	0.0	0.0	284.4	0.0
2022-02-25	3736.1	944.4	0.1	1455.1	11.9	141.6	4.1	0.0	0.0	273.7	0.0
2022-02-26	3817.7	983.4	0.1	1477.3	11.6	148.9	4.1	0.0	0.0	274.0	0.0
2022-02-27	3554.1	912.0	0.1	1373.1	11.1	139.7	4.0	0.0	0.0	259.9	0.0
2022-02-28	3428.0	933.4	0.1	1306.3	8.6	145.0	3.0	0.0	0.0	229.1	0.0
2022-03-01	3623.3	1027.3	0.1	1355.7	8.6	157.6	3.1	0.0	0.0	238.7	0.0
2022-03-02	3443.4	998.6	0.1	1277.3	3.6	157.3	1.6	0.0	0.0	222.0	0.0
2022-03-04	3589.7	1107.4	0.1	1303.7	2.3	180.1	0.4	0.0	0.0	214.1	0.0
2022-03-05	2819.9	877.1	0.1	1024.9	1.1	139.0	0.4	0.0	0.0	172.9	0.0
2022-03-06	2642.7	815.0	0.1	966.6	1.1	128.9	0.4	0.0	0.0	165.1	0.0
2022-03-07	3150.0	988.1	0.1	1138.4	2.1	156.7	0.7	0.0	0.0	187.3	0.0
2022-03-08	2773.9	1002.9	0.1	899.3	1.3	170.3	0.6	0.0	0.0	140.7	0.0
2022-03-09	3142.0	1147.3	0.1	1013.3	1.7	208.3	0.7	0.0	0.0	155.6	0.0
2022-03-10	3672.1	1436.3	0.0	1116.4	1.7	286.4	0.6	0.0	0.0	159.9	0.0
2022-03-11	3615.3	1481.7	0.0	1042.7	1.6	303.1	0.6	0.0	0.0	148.4	0.0
2022-03-12	3609.0	1488.4	0.0	1035.0	1.6	308.9	0.6	0.0	0.0	145.3	0.0
2022-03-13	3801.7	1595.3	0.0	1071.6	1.6	328.6	0.6	0.0	0.0	147.6	0.0
2022-03-14	4537.9	1979.1	0.0	1219.0	2.3	413.6	2.9	0.0	0.0	166.4	0.0
2022-03-15	4478.1	1967.6	0.0	1200.7	2.4	415.3	2.9	0.0	0.0	159.9	0.0
2022-03-16	4137.3	1922.3	0.0	1015.3	1.9	416.7	2.6	0.0	0.0	131.9	0.0
2022-03-17	3801.4	1841.0	0.0	881.0	2.6	390.6	3.4	0.0	0.0	110.6	0.0
2022-03-18	3898.3	1898.1	0.0	891.1	2.6	403.3	3.6	0.0	0.0	115.7	0.0
2022-03-19	3980.1	1944.9	0.0	901.3	2.6	412.6	3.6	0.0	0.0	117.6	0.0
2022-03-20	4115.9	2042.9	0.0	906.9	2.6	438.9	3.6	0.0	0.0	117.3	0.0
2022-03-21	4025.6	2121.3	0.0	788.6	0.9	477.4	1.0	0.0	0.0	93.3	0.0
2022-03-22	3870.7	2076.7	0.0	719.7	0.7	467.7	1.0	0.0	0.0	88.0	0.0
2022-03-23	3872.7	2119.7	0.0	687.9	0.7	477.0	1.0	0.0	0.0	80.0	0.0
2022-03-24	3577.1	1949.4	0.1	621.6	4.0	438.0	3.3	0.0	0.0	77.0	0.0
2022-03-25	3850.6	2168.9	0.1	600.9	4.0	508.6	3.1	0.0	0.0	70.1	0.0
2022-03-26	3711.9	2083.7	0.1	585.0	4.0	490.3	3.1	0.0	0.0	69.0	0.0
2022-03-27	3786.3	2129.9	0.1	586.4	4.0	508.3	3.1	0.0	0.0	71.0	0.0
2022-03-28	3584.1	2091.4	0.3	491.1	4.1	507.3	3.1	0.0	0.0	63.7	0.0
2022-03-29	3794.3	2242.6	0.3	499.4	4.1	553.1	3.1	0.0	0.0	59.3	0.0
2022-03-30	3821.3	2284.4	0.3	478.0	4.3	568.7	3.1	0.0	0.0	54.3	0.0
2022-03-31	3763.1	2307.1	0.1	444.9	0.3	573.3	0.0	0.0	0.0	46.0	0.0
2022-04-02	2915.6	1807.7	0.1	334.6	0.3	443.4	0.0	0.0	0.0	33.1	0.0
2022-04-03	3129.0	1964.0	0.1	336.9	0.3	482.3	0.0	0.0	0.0	31.7	0.0
2022-04-04	3435.7	2170.9	0.1	357.4	0.4	541.1	0.0	0.0	0.0	31.1	0.0
2022-04-05	3229.4	2089.6	0.0	294.9	0.3	509.0	0.1	0.0	0.0	26.1	0.0
2022-04-06	3044.0	1992.4	0.0	260.1	0.3	476.7	0.1	0.0	0.0	23.3	0.0
2022-04-07	3131.7	2067.0	0.0	252.3	0.1	493.3	0.1	0.0	0.0	26.0	0.0
2022-04-09	3019.7	1997.9	0.0	232.6	0.1	484.1	0.1	0.0	0.0	22.4	0.0
2022-04-10	3206.6	2130.0	0.0	237.0	0.1	520.7	0.1	0.0	0.0	22.3	0.0
2022-04-11	3699.4	2452.7	0.0	277.6	0.1	595.1	0.1	0.0	0.0	24.7	0.0
2022-04-12	3716.7	2491.4	0.0	259.0	0.0	592.7	0.1	0.0	0.0	26.0	0.0
2022-04-13	3097.4	2084.6	0.0	206.4	0.0	500.9	0.0	0.0	0.0	18.4	0.0
2022-04-14	3150.7	2119.4	0.0	208.7	0.0	515.3	0.0	0.0	0.0	19.4	0.0
2022-04-15	2695.6	1838.3	0.0	162.1	0.0	439.7	0.0	0.0	0.0	13.4	0.0
2022-04-16	2773.9	1896.6	0.0	160.1	0.0	458.0	0.0	0.0	0.0	13.4	0.0
2022-04-17	2625.6	1787.3	0.0	154.9	0.0	432.9	0.0	0.0	0.0	13.4	0.0
2022-04-18	1886.4	1297.1	0.0	100.6	0.0	315.9	0.0	0.0	0.0	10.0	0.0
2022-04-19	2103.7	1422.9	0.0	117.6	0.0	364.3	0.0	0.0	0.0	11.0	0.0
2022-04-20	2508.3	1695.1	0.0	134.1	0.0	438.9	0.0	0.0	0.0	13.1	0.0
2022-04-21	2421.1	1636.0	0.0	122.1	0.0	428.6	0.0	0.0	0.0	11.4	0.0
2022-04-22	2825.6	1868.6	0.0	162.9	0.0	510.6	0.0	0.0	0.0	18.6	0.0
2022-04-23	2724.3	1802.9	0.0	155.3	0.0	494.3	0.0	0.0	0.0	18.1	0.0
2022-04-24	2738.4	1818.4	0.0	150.4	0.0	498.4	0.0	0.0	0.0	17.7	0.0
2022-04-25	3903.3	2603.4	0.0	200.0	0.0	722.1	0.0	0.0	0.0	20.7	0.0
2022-04-26	3339.3	2227.3	0.0	162.1	0.0	618.6	0.0	0.0	0.0	20.1	0.0
2022-04-27	2915.4	1941.0	0.0	140.7	0.0	544.0	0.0	0.0	0.0	18.1	0.0
2022-04-28	3328.6	2198.0	0.0	171.6	0.1	612.3	0.0	0.0	0.0	22.9	0.0
2022-04-29	3199.4	2150.3	0.0	134.3	0.1	588.0	0.0	0.1	0.0	15.9	0.0
2022-04-30	3032.6	2033.1	0.0	131.0	0.1	556.4	0.0	0.1	0.0	15.6	0.0
2022-05-01	3011.9	2020.0	0.0	129.7	0.1	554.3	0.0	0.1	0.0	15.3	0.0
2022-05-02	2799.3	1870.9	0.0	138.6	0.1	488.9	0.0	0.3	0.0	22.7	0.0
2022-05-03	2584.1	1740.7	0.0	113.4	0.1	455.0	0.0	0.4	0.0	17.1	0.0
2022-05-04	2926.7	1980.0	0.0	119.3	0.1	517.4	0.0	0.6	0.0	17.6	0.0
2022-05-05	2951.1	1974.7	0.0	130.3	0.0	532.1	0.0	0.7	0.0	20.9	0.0
2022-05-06	3116.4	2063.0	0.0	148.9	0.0	561.7	0.0	0.7	0.0	24.7	0.0
2022-05-07	3158.7	2091.1	0.0	149.1	0.0	570.6	0.0	0.7	0.0	24.7	0.0
2022-05-08	3198.4	2117.3	0.0	148.3	0.0	575.6	0.0	0.7	0.0	24.7	0.0
2022-05-09	3112.1	2028.4	0.0	138.7	0.0	582.6	0.0	1.6	0.0	21.6	0.0
2022-05-10	3098.6	2017.7	0.0	138.9	0.0	580.7	0.0	1.4	0.0	21.4	0.0
2022-05-11	3308.1	2111.9	0.0	168.4	0.0	622.9	0.0	3.0	0.0	24.9	0.0
2022-05-12	3335.7	2114.7	0.0	170.1	0.0	615.1	0.0	3.4	0.6	26.3	0.0
2022-05-13	3242.1	2012.9	0.0	198.0	0.0	590.6	0.0	4.0	1.0	28.7	0.0
2022-05-14	3277.1	2035.7	0.0	197.9	0.0	598.1	0.0	4.3	1.0	28.7	0.0
2022-05-15	3182.3	1966.9	0.0	197.6	0.0	583.6	0.0	4.4	1.0	28.7	0.0
2022-05-16	3231.1	1921.6	0.0	262.6	0.0	565.9	0.0	4.1	1.0	35.9	0.0
2022-05-17	3211.6	1907.9	0.0	261.0	0.0	561.1	0.0	4.7	1.0	35.6	0.0
2022-05-18	3132.7	1798.7	0.0	302.7	0.0	520.1	0.0	5.0	1.3	43.4	0.0
2022-05-19	2620.9	1491.3	0.0	263.1	0.0	431.0	0.0	5.3	0.9	37.9	0.0
2022-05-20	2612.0	1511.9	0.0	219.9	0.0	446.9	0.0	7.6	0.7	32.4	0.0
2022-05-21	2634.0	1502.6	0.0	240.0	0.0	442.3	0.0	7.9	0.9	36.0	0.0
2022-05-22	2693.0	1500.6	0.0	279.1	0.1	437.1	0.0	8.0	0.9	43.7	0.0
2022-05-23	2426.0	1305.3	0.0	269.7	0.4	377.0	0.1	9.1	0.9	48.6	0.1
2022-05-24	2600.7	1396.1	0.0	275.4	0.4	415.4	0.1	11.3	1.4	49.4	0.4
2022-05-25	2431.4	1304.4	0.0	246.1	0.4	395.9	0.3	11.9	1.3	45.3	0.4
2022-05-26	2299.1	1219.6	0.0	233.7	0.4	377.1	0.3	12.9	1.1	40.9	1.0
2022-05-27	2120.6	1081.1	0.0	248.7	0.4	327.1	0.3	12.4	1.3	44.7	1.3
2022-05-28	2127.6	1098.9	0.0	228.4	0.4	334.4	0.3	14.3	1.3	41.1	1.9
2022-05-29	2034.1	1078.1	0.0	188.9	0.3	330.0	0.3	15.0	1.3	33.4	1.9
2022-05-30	2262.6	1176.3	0.0	222.9	0.6	358.6	0.4	18.0	2.3	40.3	2.0
2022-05-31	2165.9	1107.6	0.0	232.6	0.6	325.9	0.4	19.9	2.6	40.4	4.1
2022-06-01	2152.1	1113.7	0.0	184.4	0.6	324.6	0.3	30.6	3.3	32.7	10.1
2022-06-02	2428.1	1219.4	0.0	241.7	0.6	350.9	0.6	35.9	4.3	40.6	14.7
2022-06-03	2753.3	1366.3	0.0	243.0	0.7	400.7	0.6	45.1	7.6	42.0	23.4
2022-06-04	2650.1	1305.4	0.0	243.0	0.7	381.4	0.6	43.1	7.6	42.0	23.4
2022-06-05	2695.3	1322.3	0.0	243.0	0.7	387.4	0.6	44.7	7.9	42.0	27.7
2022-06-06	1839.7	926.1	0.0	104.0	0.1	276.0	0.3	41.1	7.4	15.9	28.1
2022-06-07	2032.0	966.4	0.0	136.0	0.3	290.9	0.9	48.0	7.7	29.9	37.1
2022-06-08	1872.1	861.0	0.0	134.6	0.3	260.0	0.9	43.9	8.6	29.9	41.9
2022-06-09	1721.7	795.7	0.0	77.0	0.3	243.7	0.6	49.0	10.4	22.0	55.3
2022-06-10	1567.4	673.9	0.0	56.7	0.1	202.4	0.6	64.9	10.0	15.9	90.0
2022-06-11	1590.7	681.6	0.0	56.7	0.1	205.9	0.6	68.1	10.0	15.9	93.9
2022-06-12	1662.4	695.4	0.0	56.7	0.1	207.0	0.6	77.9	11.6	15.9	103.3
2022-06-13	1769.9	748.4	0.0	59.0	0.1	224.9	0.6	81.7	11.6	16.0	109.7
2022-06-14	1649.4	709.7	0.0	10.3	0.0	214.0	0.0	87.0	13.3	0.9	127.4
2022-06-15	1716.6	682.1	0.0	10.0	0.0	201.3	0.0	107.7	17.4	0.9	164.7
2022-06-16	1562.1	594.9	0.0	10.0	0.0	175.6	0.0	104.9	16.0	0.9	158.6
2022-06-17	1530.3	519.4	0.0	56.9	0.4	152.7	0.6	106.3	17.6	16.1	156.9
2022-06-18	1597.0	536.0	0.0	56.9	0.4	157.9	0.6	112.1	18.7	16.1	169.0
2022-06-19	1707.7	549.0	0.0	56.9	0.4	164.6	0.6	127.3	21.6	16.1	194.4
2022-06-20	1716.7	512.6	0.0	56.0	0.4	150.3	0.6	143.7	25.7	16.3	210.0
2022-06-21	1617.4	425.7	0.0	55.6	0.6	127.0	0.6	152.0	26.9	16.3	222.6
2022-06-22	1561.7	366.3	0.0	55.6	0.6	109.3	0.6	164.1	31.3	16.3	235.0
2022-06-23	1738.0	403.1	0.0	55.6	0.6	117.4	0.6	186.3	37.0	16.3	270.0
2022-06-24	1735.0	335.9	0.0	1.4	0.1	95.7	0.0	226.9	51.1	0.3	328.1
2022-06-25	1688.6	313.9	0.0	1.4	0.1	88.1	0.0	226.6	51.7	0.3	323.3
2022-06-29	1744.3	328.0	0.0	3.1	0.1	97.7	0.0	233.9	57.4	0.4	330.9
2022-06-30	2168.7	341.3	0.0	1.7	0.1	99.1	0.0	312.0	83.1	0.1	444.1
2022-07-01	2223.9	331.1	0.0	2.0	0.0	96.6	0.0	328.1	93.3	0.3	455.7
2022-07-02	2030.7	280.7	0.0	2.0	0.0	86.3	0.0	304.0	89.9	0.3	419.9
2022-07-03	1801.0	231.4	0.0	2.0	0.0	73.7	0.0	276.6	84.0	0.3	378.0
2022-07-04	1724.0	191.4	0.0	2.0	0.0	63.3	0.0	274.6	84.3	0.3	366.3
2022-07-05	1976.1	251.0	0.0	7.6	0.0	80.4	0.0	306.9	96.1	0.9	397.4
2022-07-06	1943.9	190.9	0.0	5.9	0.0	56.4	0.0	324.3	100.9	0.7	416.7
2022-07-07	1629.6	179.7	0.0	6.0	0.0	54.1	0.0	266.9	84.1	0.7	334.6
2022-07-08	1765.6	182.7	0.0	5.7	0.0	51.9	0.0	292.0	92.4	0.6	367.6
2022-07-09	1773.3	177.6	0.0	5.7	0.0	49.1	0.0	295.4	92.9	0.6	368.9
2022-07-10	1788.4	179.0	0.0	5.7	0.0	49.3	0.0	301.7	93.3	0.6	376.3
2022-07-11	1821.6	162.7	0.0	5.7	0.0	45.4	0.0	313.4	100.7	0.6	393.4
2022-07-12	1579.0	116.6	0.0	2.3	0.0	30.6	0.0	278.6	90.7	0.0	357.4
2022-07-13	1693.1	148.7	0.0	2.7	0.0	42.9	0.0	294.6	100.7	0.0	372.0
2022-07-14	1557.1	142.9	0.0	2.9	0.0	41.9	0.0	266.0	91.7	0.0	334.6
2022-07-15	1541.9	129.6	0.0	2.9	0.0	38.6	0.0	268.3	97.6	0.0	335.7
2022-07-16	1452.1	127.3	0.0	2.9	0.0	38.0	0.0	252.6	91.1	0.0	315.1
2022-07-17	1510.7	127.0	0.0	2.9	0.0	38.6	0.0	260.6	97.7	0.0	326.6
2022-07-18	1534.0	142.1	0.0	3.1	0.0	40.9	0.0	268.9	102.3	0.0	317.1
2022-07-19	1664.3	130.4	0.0	1.3	0.0	38.0	0.0	301.3	115.7	0.1	348.3
2022-07-20	1534.1	90.0	0.0	0.9	0.0	22.1	0.0	290.0	112.3	0.1	323.3
2022-07-21	1700.4	75.7	0.0	0.6	0.0	17.7	0.0	332.0	135.0	0.1	358.7
2022-07-22	1728.6	69.7	0.0	0.6	0.0	15.7	0.0	348.1	143.9	0.1	348.4
2022-07-23	1718.0	69.7	0.0	0.6	0.0	15.7	0.0	345.9	144.6	0.1	345.3
2022-07-24	1725.1	68.1	0.0	0.6	0.0	15.3	0.0	353.1	145.4	0.1	340.4
2022-07-25	1639.3	58.0	0.0	1.1	0.0	16.3	0.0	339.7	149.7	0.1	313.4
2022-07-26	1546.1	52.4	0.0	0.9	0.0	15.1	0.0	320.7	142.1	0.0	293.7
2022-07-27	1414.6	50.4	0.0	0.9	0.0	14.7	0.0	288.3	131.4	0.0	261.3
2022-07-28	1548.4	46.3	0.0	0.9	0.0	13.6	0.0	321.9	148.9	0.0	288.0
2022-07-29	1422.4	39.9	0.0	1.1	0.0	13.3	0.0	297.7	143.4	0.0	257.7
2022-07-30	1412.9	39.6	0.0	1.1	0.0	13.1	0.0	295.4	142.6	0.0	257.1
2022-07-31	1316.6	39.3	0.0	1.1	0.0	12.9	0.0	272.1	134.6	0.0	239.6
2022-08-01	1322.7	19.9	0.0	0.4	0.0	4.4	0.0	282.3	146.3	0.0	234.1
2022-08-02	1364.1	22.6	0.0	0.6	0.0	5.1	0.0	291.0	151.0	0.0	241.4
2022-08-03	1403.0	20.1	0.0	0.6	0.0	4.0	0.0	302.4	162.6	0.0	244.9
2022-08-04	1123.9	15.6	0.0	0.6	0.0	2.7	0.0	242.4	135.0	0.0	188.6
2022-08-05	1236.1	25.9	0.0	0.3	0.0	3.0	0.0	254.0	147.3	0.0	203.1
2022-08-06	1284.3	25.9	0.0	0.3	0.0	3.0	0.0	263.9	151.6	0.0	209.7
2022-08-07	1304.6	25.9	0.0	0.3	0.0	3.0	0.0	269.1	154.4	0.0	212.1
2022-08-08	1391.0	30.3	0.0	0.1	0.0	4.4	0.0	284.7	163.0	0.0	225.9
2022-08-09	1341.7	26.6	0.0	0.1	0.1	3.7	0.0	274.1	159.1	0.0	213.4
2022-08-10	1713.9	166.9	0.0	5.6	0.1	35.0	0.0	313.1	170.1	0.1	247.3
2022-08-11	1730.1	167.4	0.0	5.7	0.1	35.1	0.0	316.6	170.7	0.1	247.9
2022-08-12	1534.0	156.3	0.0	5.7	0.1	33.7	0.0	284.1	154.6	0.1	211.6
2022-08-13	1603.4	156.4	0.0	5.7	0.1	33.9	0.0	299.3	165.3	0.1	221.9
2022-08-14	1671.7	156.9	0.0	5.7	0.1	33.9	0.0	311.7	176.4	0.1	230.6
2022-08-15	1667.4	210.4	0.0	8.3	0.1	42.3	0.0	285.4	164.4	0.1	219.1
2022-08-16	1650.4	215.0	0.0	8.1	0.0	42.6	0.0	280.7	164.0	0.1	214.6
2022-08-17	1198.9	75.0	0.0	4.3	0.0	11.9	0.0	223.6	143.0	0.3	169.7
2022-08-18	1151.6	74.4	0.0	4.1	0.0	12.6	0.0	211.6	142.0	0.3	161.0
2022-08-19	1214.9	76.6	0.0	4.1	0.0	12.6	0.0	219.0	153.0	0.3	167.1
2022-08-20	1170.4	110.1	0.0	4.3	0.0	21.0	0.0	200.4	139.3	0.3	153.3
2022-08-21	1252.3	110.6	0.0	4.3	0.0	21.1	0.0	214.4	151.3	0.3	158.0
2022-08-22	974.4	50.9	0.0	1.7	0.0	10.7	0.0	175.9	141.3	0.3	111.3
2022-08-23	991.9	51.4	0.0	1.7	0.0	10.9	0.0	179.4	142.0	0.3	119.1
2022-08-24	1077.6	48.0	0.0	0.1	0.0	10.6	0.0	197.0	159.4	0.0	126.1
2022-08-25	1096.6	47.1	0.0	0.1	0.0	9.7	0.0	199.4	161.7	0.0	126.3
2022-08-26	1055.0	47.9	0.0	0.1	0.0	10.4	0.0	194.0	154.6	0.0	125.7
2022-08-27	1144.6	14.4	0.0	0.0	0.0	1.9	0.0	222.1	181.1	0.0	136.1
2022-08-28	965.4	13.6	0.0	0.0	0.0	1.7	0.0	188.6	154.0	0.0	118.3
2022-08-29	1061.6	15.1	0.0	0.0	0.0	2.1	0.0	209.1	170.7	0.0	130.6
2022-08-30	1047.1	12.7	0.0	0.0	0.0	1.9	0.0	203.4	170.9	0.0	126.3
2022-08-31	959.7	12.6	0.0	0.0	0.0	1.6	0.0	188.6	157.4	0.0	112.4
2022-09-01	891.1	12.3	0.0	0.0	0.0	1.6	0.0	175.1	146.3	0.0	104.3
2022-09-02	850.9	8.1	0.0	0.0	0.0	0.9	0.1	161.7	149.6	0.0	85.4
2022-09-03	694.1	7.7	0.0	0.0	0.0	0.9	0.1	128.4	122.0	0.0	72.7
2022-09-04	865.4	8.0	0.0	0.0	0.0	0.9	0.1	161.9	156.1	0.1	87.6
2022-09-05	771.4	23.0	0.0	5.3	0.0	5.7	0.3	132.1	136.3	0.4	73.6
2022-09-06	768.0	20.7	0.0	5.3	0.0	5.3	0.3	131.4	135.7	0.4	74.4
2022-09-07	735.0	20.6	0.0	5.4	0.0	5.3	0.4	122.1	128.7	0.4	71.9
2022-09-08	786.9	20.6	0.0	5.4	0.0	5.3	0.4	130.7	141.9	0.4	72.9
2022-09-09	1021.1	21.1	0.0	5.4	0.0	5.9	0.3	161.7	186.4	0.4	97.9
2022-09-10	1063.7	21.1	0.0	5.4	0.0	5.9	0.3	167.9	195.9	0.4	99.0
2022-09-11	1108.4	21.4	0.0	5.4	0.0	6.1	0.3	169.9	206.9	0.3	100.4
2022-09-12	1630.7	13.4	0.0	0.1	0.0	2.4	0.1	279.7	282.4	0.0	170.1
2022-09-13	1645.9	12.4	0.0	0.1	0.0	2.4	0.1	282.9	289.0	0.0	170.3
2022-09-14	1655.7	13.1	0.0	0.0	0.0	2.4	0.0	283.0	292.6	0.0	172.9
2022-09-15	1734.3	14.1	0.0	0.0	0.0	2.4	0.0	288.0	309.1	0.0	178.6
2022-09-16	1547.9	13.3	0.0	0.0	0.0	2.0	0.0	261.6	274.1	0.0	158.1
2022-09-17	1496.1	13.3	0.0	0.0	0.0	2.0	0.0	253.4	264.4	0.0	154.7
2022-09-18	1299.6	12.7	0.0	0.0	0.0	1.7	0.0	219.4	223.7	0.0	139.6
2022-09-19	1040.3	4.9	0.0	0.0	0.0	0.4	0.0	154.1	206.9	0.3	82.3
2022-09-20	1007.9	5.7	0.0	0.1	0.0	0.4	0.3	149.4	200.0	0.6	73.4
2022-09-21	1150.0	7.9	0.0	0.1	0.0	1.1	0.3	174.1	227.4	0.6	78.7
2022-09-22	1119.0	7.0	0.0	0.1	0.0	1.1	0.3	174.3	222.9	0.6	77.6
2022-09-23	1030.6	7.3	0.0	0.1	0.0	1.0	0.3	161.9	203.6	0.6	71.0
2022-09-25	1031.0	7.3	0.0	0.1	0.0	1.0	0.3	162.6	203.1	0.6	71.0
2022-09-26	1400.6	7.6	0.0	0.1	0.0	1.0	0.3	214.4	271.3	0.6	94.1
2022-09-27	1120.3	6.4	0.0	0.1	0.0	0.9	0.3	166.7	216.9	0.3	76.6
2022-09-28	1185.0	6.0	0.0	0.0	0.0	0.9	0.0	176.4	230.1	0.1	80.4
2022-09-30	1167.0	2.9	0.0	0.0	0.0	0.1	0.0	167.0	229.7	0.1	77.3
2022-10-02	1020.7	2.4	0.0	0.0	0.0	0.1	0.0	144.6	198.6	0.1	66.1
2022-10-03	991.9	2.6	0.0	0.0	0.0	0.1	0.0	138.9	192.1	0.1	62.1
2022-10-04	1172.4	3.7	0.0	0.0	0.0	0.3	0.0	161.0	226.7	0.1	74.4
2022-10-05	899.6	5.0	0.0	0.0	0.0	0.3	0.0	124.7	176.6	0.1	57.4
2022-10-06	811.3	5.9	0.0	0.0	0.0	0.1	0.0	111.9	162.3	0.1	49.0
2022-10-07	982.4	5.6	0.0	0.0	0.0	0.1	0.0	133.0	197.0	0.0	58.4
2022-10-09	945.7	5.6	0.0	0.0	0.0	0.1	0.0	129.3	185.6	0.0	54.9
2022-10-10	1225.3	10.0	0.0	0.0	0.0	0.9	0.0	168.1	237.7	0.0	70.9
2022-10-11	1214.4	9.7	0.0	0.0	0.0	0.9	0.0	164.0	237.6	0.0	68.4
2022-10-12	1117.0	9.4	0.0	0.0	0.0	0.7	0.0	151.1	219.9	0.0	59.6
2022-10-13	1206.6	10.1	0.0	0.0	0.0	0.7	0.0	159.6	241.6	0.0	63.7
2022-10-14	1412.3	8.1	0.0	0.0	0.0	0.7	0.0	187.4	276.0	0.0	72.0
2022-10-15	1212.6	8.0	0.0	0.0	0.0	0.7	0.0	158.4	235.9	0.0	57.9
2022-10-16	1156.3	8.0	0.0	0.0	0.0	0.7	0.0	147.3	225.9	0.0	55.6
2022-10-17	998.3	3.7	0.0	0.0	0.0	0.0	0.0	121.9	194.6	0.0	44.6
2022-10-18	958.7	3.7	0.0	0.0	0.0	0.1	0.0	117.4	184.1	0.0	42.4
2022-10-19	1068.4	4.7	0.0	0.0	0.0	0.1	0.0	126.4	204.1	0.0	48.0
2022-10-20	1165.3	3.1	0.0	0.0	0.0	0.1	0.0	134.0	214.4	0.0	48.4
2022-10-21	1161.3	3.6	0.0	0.1	0.0	0.1	0.0	128.9	208.1	0.0	45.9
2022-10-22	1202.0	3.7	0.0	0.1	0.0	0.1	0.0	134.3	212.4	0.0	47.1
2022-10-23	1130.6	3.6	0.0	0.1	0.0	0.1	0.0	125.7	198.4	0.0	43.3
2022-10-24	1212.1	5.3	0.0	0.1	0.0	0.6	0.0	138.9	208.3	0.0	55.3
2022-10-25	1348.3	5.7	0.0	0.1	0.0	0.4	0.0	148.1	234.9	0.0	63.1
2022-10-26	1307.9	4.1	0.0	0.1	0.0	0.4	0.0	142.6	226.7	0.0	60.7
2022-10-27	1174.1	4.4	0.0	0.3	0.0	0.4	0.0	123.7	198.6	0.1	54.4
2022-10-28	1145.7	4.6	0.0	0.1	0.0	0.4	0.0	116.0	191.4	0.1	53.3
2022-10-29	1055.9	4.4	0.0	0.1	0.0	0.4	0.0	104.7	179.0	0.1	49.7
2022-10-30	1127.1	4.9	0.0	0.1	0.0	0.4	0.0	111.4	189.6	0.1	50.9
2022-10-31	1079.9	3.9	0.0	0.1	0.0	0.0	0.0	100.1	179.9	0.1	38.0
2022-11-01	911.3	3.1	0.0	0.1	0.0	0.0	0.0	87.1	148.0	0.1	29.0
2022-11-02	847.0	2.9	0.0	0.1	0.0	0.0	0.0	82.6	135.1	0.1	24.4
2022-11-03	771.4	1.9	0.0	0.0	0.0	0.0	0.0	77.3	123.9	0.0	20.7
2022-11-04	761.0	1.7	0.0	0.0	0.0	0.0	0.0	72.7	116.6	0.0	19.0
2022-11-05	723.0	1.7	0.0	0.0	0.0	0.0	0.0	68.0	108.0	0.0	18.1
2022-11-06	640.3	1.3	0.0	0.0	0.0	0.0	0.0	59.6	94.7	0.0	16.0
2022-11-07	789.6	0.9	0.0	0.0	0.0	0.0	0.0	68.0	115.7	0.0	17.9
2022-11-08	858.6	1.3	0.0	0.0	0.0	0.0	0.0	74.1	131.4	0.0	20.9
2022-11-09	956.4	1.7	0.0	0.0	0.0	0.0	0.0	81.1	140.9	0.0	23.7
2022-11-10	948.7	1.7	0.0	0.0	0.0	0.0	0.0	78.6	135.7	0.0	23.1
2022-11-11	839.6	1.9	0.0	0.0	0.0	0.0	0.0	69.1	120.1	0.0	19.1
2022-11-13	932.9	2.0	0.0	0.0	0.0	0.0	0.0	78.4	130.6	0.0	20.6
2022-11-14	1148.1	2.3	0.0	0.0	0.0	0.0	0.0	94.7	156.9	0.0	25.1
2022-11-15	911.0	2.0	0.0	0.0	0.0	0.0	0.0	76.4	120.6	0.0	21.0
2022-11-16	985.3	1.6	0.0	0.0	0.0	0.0	0.0	81.1	121.7	0.0	19.6
2022-11-17	932.7	2.3	0.0	0.0	0.0	0.1	0.0	82.7	113.4	0.0	27.1
2022-11-18	1061.3	2.6	0.0	0.0	0.0	0.1	0.0	89.6	126.1	0.0	28.6
2022-11-20	1026.3	2.0	0.0	0.0	0.0	0.1	0.0	84.7	116.1	0.0	27.9
2022-11-21	1266.0	2.7	0.0	0.0	0.0	0.1	0.0	109.0	151.9	0.0	39.3
2022-11-22	1061.7	2.4	0.0	0.0	0.0	0.1	0.0	91.7	126.9	0.0	35.1
2022-11-23	1117.7	2.3	0.0	0.0	0.0	0.1	0.0	91.1	130.4	0.0	34.1
2022-11-24	1137.9	3.0	0.0	0.0	0.0	0.3	0.0	98.1	129.6	0.0	46.1
2022-11-25	1090.7	2.0	0.0	0.0	0.0	0.1	0.0	85.1	120.4	0.0	34.6
2022-11-26	917.4	1.9	0.0	0.0	0.0	0.1	0.0	73.9	101.4	0.0	32.1
2022-11-27	845.3	1.9	0.0	0.0	0.0	0.1	0.0	70.0	93.7	0.0	30.7
2022-11-28	888.3	1.3	0.0	0.0	0.0	0.1	0.0	54.6	81.1	0.0	22.0
2022-11-29	941.9	1.3	0.0	0.0	0.0	0.1	0.0	59.3	86.7	0.0	22.6
2022-11-30	911.0	1.3	0.0	0.0	0.0	0.1	0.0	57.7	84.0	0.0	22.4
2022-12-01	900.3	0.7	0.0	0.0	0.0	0.0	0.0	44.7	79.7	0.0	10.4
2022-12-02	1031.9	1.9	0.0	0.0	0.0	0.0	0.0	48.9	86.4	0.0	11.3
2022-12-04	1078.0	1.7	0.0	0.0	0.0	0.0	0.0	51.3	87.7	0.0	11.4
2022-12-05	1227.9	1.9	0.0	0.0	0.0	0.0	0.0	55.0	99.3	0.0	12.3
2022-12-06	1017.6	1.7	0.0	0.0	0.0	0.0	0.0	45.3	80.1	0.0	9.4
2022-12-07	1116.0	1.9	0.0	0.0	0.0	0.0	0.0	45.9	80.7	0.0	9.0
2022-12-08	1220.9	2.0	0.0	0.0	0.0	0.0	0.0	54.1	90.3	0.0	13.4
2022-12-09	1305.0	2.0	0.0	0.0	0.0	0.0	0.0	57.6	95.1	0.0	14.1
2022-12-10	1087.6	0.7	0.0	0.0	0.0	0.0	0.0	49.0	80.6	0.0	12.4
2022-12-11	1029.9	0.7	0.0	0.0	0.0	0.0	0.0	45.3	77.0	0.0	12.3
2022-12-12	855.0	0.6	0.0	0.0	0.0	0.0	0.0	39.3	64.6	0.0	10.7
2022-12-13	771.1	0.4	0.0	0.0	0.0	0.0	0.0	31.3	54.0	0.0	9.3
2022-12-14	728.1	0.3	0.0	0.0	0.0	0.0	0.0	28.3	53.0	0.0	9.7
2022-12-15	682.4	0.3	0.0	0.0	0.0	0.0	0.0	21.0	44.9	0.0	5.0
2022-12-16	684.1	0.6	0.0	0.0	0.0	0.0	0.0	17.3	33.7	0.0	3.6
2022-12-17	734.6	0.7	0.0	0.0	0.0	0.0	0.0	17.4	36.3	0.0	3.9
2022-12-18	745.1	0.7	0.0	0.0	0.0	0.0	0.0	17.0	36.4	0.0	3.9
2022-12-19	945.4	0.9	0.0	0.0	0.0	0.0	0.0	22.9	46.4	0.0	4.6
2022-12-20	992.3	0.9	0.0	0.0	0.0	0.0	0.0	26.1	47.6	0.0	5.7
2022-12-21	966.7	1.0	0.0	0.0	0.0	0.0	0.0	25.6	44.7	0.0	5.1
2022-12-22	977.0	1.1	0.0	0.0	0.0	0.0	0.0	22.6	39.1	0.0	4.3
2022-12-23	982.4	1.3	0.0	0.0	0.0	0.0	0.0	20.0	42.3	0.0	4.1
2022-12-26	964.0	1.1	0.0	0.0	0.0	0.0	0.0	19.7	40.6	0.0	4.0
2022-12-27	1140.9	1.4	0.0	0.0	0.0	0.0	0.0	23.0	44.7	0.0	4.1
2022-12-28	972.4	1.3	0.0	0.0	0.0	0.0	0.0	17.7	35.0	0.0	3.4
2022-12-29	910.9	1.4	0.0	0.0	0.0	0.0	0.0	15.0	31.1	0.0	2.3
2022-12-30	889.4	4.1	0.0	0.0	0.0	0.0	0.0	14.3	28.6	0.0	1.9
2022-12-31	758.1	3.9	0.0	0.0	0.0	0.0	0.0	12.6	24.9	0.0	2.0
2023-01-02	717.7	3.6	0.0	0.0	0.0	0.0	0.0	11.9	21.1	0.0	1.9
2023-01-03	725.4	3.6	0.0	0.0	0.0	0.0	0.0	12.6	21.3	0.0	2.1
2023-01-04	547.1	3.7	0.0	0.1	0.0	0.3	0.0	11.3	20.7	0.0	3.1
2023-01-05	627.6	5.1	0.0	0.1	0.0	0.3	0.0	12.0	23.4	0.0	3.6
2023-01-06	579.3	5.0	0.0	0.1	0.0	0.3	0.0	10.9	21.6	0.0	3.4
2023-01-09	851.4	2.9	0.0	0.1	0.0	0.3	0.0	15.1	31.6	0.0	4.4
2023-01-10	873.0	3.0	0.0	0.1	0.0	0.3	0.0	16.1	33.0	0.0	4.3
2023-01-11	743.1	2.7	0.0	0.1	0.0	0.3	0.0	15.4	29.3	0.0	4.0
2023-01-12	895.1	2.9	0.0	0.1	0.0	0.3	0.0	17.3	33.7	0.0	4.0
2023-01-13	858.4	2.4	0.0	0.0	0.0	0.0	0.0	14.6	29.1	0.0	2.6
2023-01-14	809.4	1.0	0.0	0.0	0.0	0.0	0.0	14.0	27.3	0.0	2.3
2023-01-15	842.9	1.0	0.0	0.0	0.0	0.0	0.0	14.7	28.4	0.0	2.4
2023-01-16	888.7	1.1	0.0	0.0	0.0	0.0	0.0	20.0	44.0	0.0	5.4
2023-01-17	979.6	1.9	0.0	0.0	0.0	0.0	0.0	22.3	51.7	0.0	5.3
2023-01-18	918.7	1.9	0.0	0.0	0.0	0.0	0.0	19.9	47.9	0.0	4.9
2023-01-19	876.3	1.7	0.0	0.0	0.0	0.0	0.0	20.4	45.0	0.0	4.7
2023-01-20	1138.3	2.1	0.0	0.0	0.0	0.3	0.0	22.3	49.7	0.0	4.7
2023-01-21	1121.1	2.1	0.0	0.0	0.0	0.3	0.0	21.9	49.1	0.0	4.6
2023-01-22	1076.0	2.1	0.0	0.0	0.0	0.4	0.0	21.1	47.9	0.0	4.4
2023-01-23	881.4	1.7	0.0	0.0	0.0	0.4	0.0	12.0	24.4	0.0	0.3
2023-01-24	733.6	0.9	0.0	0.0	0.0	0.4	0.0	8.4	14.7	0.0	0.3
2023-01-25	725.1	0.9	0.0	0.0	0.0	0.4	0.0	7.9	15.0	0.0	0.3
2023-01-26	665.0	0.9	0.0	0.0	0.0	0.4	0.0	5.4	13.7	0.0	0.4
2023-01-27	675.9	0.6	0.0	0.1	0.0	0.1	0.1	9.3	16.7	0.0	2.9
2023-01-28	629.6	0.6	0.0	0.1	0.0	0.1	0.1	9.1	16.1	0.0	2.9
2023-01-29	631.9	0.6	0.0	0.1	0.0	0.0	0.1	9.3	15.9	0.0	2.9
2023-01-30	613.4	0.4	0.0	0.1	0.0	0.0	0.1	11.4	20.7	0.0	4.7
2023-01-31	647.3	0.4	0.0	0.1	0.0	0.0	0.1	11.3	21.3	0.0	4.7
2023-02-01	704.1	0.4	3.9	0.1	0.0	0.0	0.1	11.7	21.4	0.0	4.9
2023-02-02	750.0	0.9	3.9	0.1	0.0	0.0	0.1	11.6	24.0	0.0	4.7
2023-02-03	580.0	0.7	3.9	0.0	0.0	0.0	0.0	6.9	16.3	0.0	2.3
2023-02-04	678.9	2.0	3.9	0.0	0.0	0.0	0.0	6.7	17.4	0.0	2.3
2023-02-05	808.9	2.0	3.9	0.0	0.0	0.0	0.0	7.1	19.3	0.0	2.6
2023-02-06	802.3	1.9	3.9	0.0	0.0	0.0	0.0	8.6	16.0	0.0	1.7
2023-02-07	859.3	2.0	3.9	0.0	0.0	0.0	0.0	9.0	15.7	0.0	1.7
2023-02-08	834.3	2.1	0.0	0.0	0.0	0.0	0.0	9.9	16.0	0.0	1.6
2023-02-09	747.3	1.7	0.0	0.0	0.0	0.0	0.0	9.7	12.0	0.0	1.4
2023-02-10	798.4	2.3	0.0	0.0	0.0	0.0	0.0	9.0	12.9	0.0	1.6
2023-02-12	799.6	1.0	0.0	0.1	0.0	0.0	0.0	9.0	12.1	0.0	1.7
2023-02-13	751.3	1.1	0.0	0.1	0.0	0.0	0.0	8.7	11.6	0.0	1.4
2023-02-14	624.7	1.1	0.0	0.1	0.0	0.0	0.0	3.4	5.1	0.0	0.4
2023-02-15	643.1	1.4	0.0	0.1	0.0	0.0	0.0	7.7	11.0	0.0	1.4
2023-02-16	665.0	3.1	0.0	0.1	0.0	0.0	0.0	6.7	10.4	0.0	1.4
2023-02-17	783.4	7.0	0.0	3.4	0.0	0.0	0.0	7.6	14.4	1.0	1.9
2023-02-18	642.1	6.4	0.0	3.4	0.0	0.0	0.0	7.3	13.1	1.0	1.7
2023-02-20	833.9	7.0	0.0	3.3	0.0	0.0	0.0	8.4	15.0	1.0	1.6
2023-02-21	773.1	7.0	0.0	3.3	0.0	0.0	0.0	8.0	14.3	1.0	1.6
2023-02-22	774.6	6.9	0.0	3.3	0.0	0.0	0.0	7.9	14.1	1.0	1.6
2023-02-23	725.1	6.6	0.0	3.3	0.0	0.0	0.0	5.1	15.4	1.0	1.1
2023-02-24	776.6	5.1	0.0	3.3	0.0	0.0	0.0	5.3	15.1	1.0	1.1
2023-02-25	613.9	1.3	0.0	0.0	0.0	0.0	0.0	3.9	11.0	0.0	0.6
2023-02-26	612.0	1.3	0.0	0.0	0.0	0.0	0.0	3.9	11.0	0.0	0.6
2023-02-27	476.3	1.7	0.0	0.0	0.0	0.0	0.0	3.0	9.4	0.0	0.7
2023-02-28	597.6	1.7	0.0	0.0	0.0	0.0	0.0	4.0	9.7	0.0	0.7
